-- phpMyAdmin SQL Dump
-- version 4.3.11
-- http://www.phpmyadmin.net
--
-- Host: 127.0.0.1
-- Generation Time: Jun 15, 2017 at 09:57 PM
-- Server version: 5.6.24
-- PHP Version: 5.6.8

SET SQL_MODE = "NO_AUTO_VALUE_ON_ZERO";
SET time_zone = "+00:00";


/*!40101 SET @OLD_CHARACTER_SET_CLIENT=@@CHARACTER_SET_CLIENT */;
/*!40101 SET @OLD_CHARACTER_SET_RESULTS=@@CHARACTER_SET_RESULTS */;
/*!40101 SET @OLD_COLLATION_CONNECTION=@@COLLATION_CONNECTION */;
/*!40101 SET NAMES utf8 */;

--
-- Database: `bhojon_bilash`
--

-- --------------------------------------------------------

--
-- Table structure for table `catagories`
--

CREATE TABLE IF NOT EXISTS `catagories` (
  `id` int(10) unsigned NOT NULL,
  `category_name` varchar(50) COLLATE utf8_unicode_ci NOT NULL,
  `created_at` timestamp NULL DEFAULT NULL,
  `updated_at` timestamp NULL DEFAULT NULL,
  `restaurant_id` int(10) unsigned NOT NULL
) ENGINE=InnoDB AUTO_INCREMENT=36 DEFAULT CHARSET=utf8 COLLATE=utf8_unicode_ci;

--
-- Dumping data for table `catagories`
--

INSERT INTO `catagories` (`id`, `category_name`, `created_at`, `updated_at`, `restaurant_id`) VALUES
(1, 'Fay', '2016-04-02 13:48:41', '2016-04-02 13:48:41', 1),
(2, 'Uriel', '2016-04-02 13:48:41', '2016-04-02 13:48:41', 1),
(3, 'Stephanie', '2016-04-02 13:48:41', '2016-04-02 13:48:41', 1),
(4, 'Noel', '2016-04-02 13:48:41', '2016-04-02 13:48:41', 1),
(5, 'Chanelle', '2016-04-02 13:48:41', '2016-04-02 13:48:41', 1),
(6, 'Ora', '2016-04-02 13:48:41', '2016-04-02 13:48:41', 2),
(7, 'Gage', '2016-04-02 13:48:41', '2016-04-02 13:48:41', 2),
(8, 'Eudora', '2016-04-02 13:48:41', '2016-04-02 13:48:41', 2),
(9, 'Annabel', '2016-04-02 13:48:42', '2016-04-02 13:48:42', 2),
(10, 'Polly', '2016-04-02 13:48:42', '2016-04-02 13:48:42', 2),
(11, 'Corrine', '2016-04-02 13:48:42', '2016-04-02 13:48:42', 3),
(12, 'Oma', '2016-04-02 13:48:42', '2016-04-02 13:48:42', 3),
(13, 'Payton', '2016-04-02 13:48:42', '2016-04-02 13:48:42', 3),
(14, 'Jamir', '2016-04-02 13:48:42', '2016-04-02 13:48:42', 3),
(15, 'Yolanda', '2016-04-02 13:48:42', '2016-04-02 13:48:42', 3),
(16, 'Orion', '2016-04-02 13:48:42', '2016-04-02 13:48:42', 4),
(17, 'Kathryne', '2016-04-02 13:48:42', '2016-04-02 13:48:42', 4),
(18, 'Edmond', '2016-04-02 13:48:42', '2016-04-02 13:48:42', 4),
(19, 'Patricia', '2016-04-02 13:48:42', '2016-04-02 13:48:42', 4),
(20, 'Icie', '2016-04-02 13:48:42', '2016-04-02 13:48:42', 4),
(21, 'Alda', '2016-04-02 13:48:42', '2016-04-02 13:48:42', 5),
(22, 'Retha', '2016-04-02 13:48:42', '2016-04-02 13:48:42', 5),
(23, 'Evert', '2016-04-02 13:48:42', '2016-04-02 13:48:42', 5),
(24, 'Elbert', '2016-04-02 13:48:42', '2016-04-02 13:48:42', 5),
(25, 'Lenora', '2016-04-02 13:48:42', '2016-04-02 13:48:42', 5),
(26, 'Vuna', '2016-04-05 00:19:39', '2016-04-05 00:19:39', 7),
(27, 'Vegitable', '2016-04-05 00:24:41', '2016-04-05 00:24:41', 7),
(28, 'Vuna', '2016-04-05 00:33:55', '2016-04-05 00:33:55', 8),
(29, 'Soup', '2016-04-05 00:38:11', '2016-04-05 00:38:11', 8),
(30, 'Sna', '2016-04-05 00:45:52', '2016-04-05 00:45:52', 9),
(31, 'Lunch', '2016-04-05 00:50:18', '2016-04-05 00:50:18', 9),
(32, 'Vuna', '2016-04-05 00:56:23', '2016-04-05 00:56:23', 10),
(33, 'Snacks', '2016-04-05 00:58:37', '2016-04-05 00:58:37', 10),
(34, 'Vuna', '2016-04-05 01:06:15', '2016-04-05 01:06:15', 11),
(35, 'Soup', '2016-04-05 01:08:05', '2016-04-05 01:08:05', 11);

-- --------------------------------------------------------

--
-- Table structure for table `delivery_men`
--

CREATE TABLE IF NOT EXISTS `delivery_men` (
  `id` int(10) unsigned NOT NULL,
  `name` varchar(255) COLLATE utf8_unicode_ci NOT NULL,
  `contact` varchar(11) COLLATE utf8_unicode_ci NOT NULL,
  `delivering_area` varchar(255) COLLATE utf8_unicode_ci NOT NULL,
  `created_at` timestamp NULL DEFAULT NULL,
  `updated_at` timestamp NULL DEFAULT NULL
) ENGINE=InnoDB AUTO_INCREMENT=27 DEFAULT CHARSET=utf8 COLLATE=utf8_unicode_ci;

--
-- Dumping data for table `delivery_men`
--

INSERT INTO `delivery_men` (`id`, `name`, `contact`, `delivering_area`, `created_at`, `updated_at`) VALUES
(1, 'Ivah Willms V', '490.942.819', '8848 Pfeffer Mountains\nKesslerchester, AK 67181', '2016-04-02 13:49:20', '2016-04-02 13:49:20'),
(2, 'Kristian Haag', '400-848-447', '84097 Kutch Brooks Apt. 755\nEmmerichberg, WY 48818-7296', '2016-04-02 13:49:20', '2016-04-02 13:49:20'),
(3, 'Alek Mayer', '442.554.653', '28877 Berge Mall Suite 725\nFeilton, AK 73449-0565', '2016-04-02 13:49:20', '2016-04-02 13:49:20'),
(4, 'Reanna Wyman V', '+71(9)86857', '47473 Paris Oval\nEast Jordane, DC 62268-9739', '2016-04-02 13:49:20', '2016-04-02 13:49:20'),
(5, 'Mr. Jocelyn Schultz DDS', '318-231-072', '540 Randall Via Apt. 986\nBarrowsborough, OH 85311', '2016-04-02 13:49:20', '2016-04-02 13:49:20'),
(6, 'Dr. Nettie Bechtelar', '04893054126', '952 Ziemann Trail Suite 835\nPort Gretchen, MS 13666-3118', '2016-04-02 13:49:20', '2016-04-02 13:49:20'),
(7, 'Prof. Chasity Davis Jr.', '+96(1)38439', '6127 Kertzmann Manors\nSouth Pattie, LA 61083', '2016-04-02 13:49:20', '2016-04-02 13:49:20'),
(8, 'Immanuel Carroll Jr.', '945.021.067', '7665 O''Connell Pine\nNorth Salvatoreton, NM 29530-8515', '2016-04-02 13:49:20', '2016-04-02 13:49:20'),
(9, 'Prof. Deshaun Kovacek Sr.', '(558)710-00', '3187 Jorge Parks\nLake Harryburgh, WA 53931-1544', '2016-04-02 13:49:20', '2016-04-02 13:49:20'),
(10, 'Ms. Fae Emard', '1-789-946-4', '30274 Halle Plaza Suite 130\nDorothyfurt, KY 91087-6268', '2016-04-02 13:49:21', '2016-04-02 13:49:21'),
(11, 'Elvis Moen', '01392532213', '2644 Mueller Coves\nTorpfurt, IN 84532-0183', '2016-04-02 13:49:21', '2016-04-02 13:49:21'),
(12, 'Prof. Danny Carroll', '1-986-953-9', '8532 Bruen Island Suite 987\nPort Vergiemouth, WI 08213-6746', '2016-04-02 13:49:21', '2016-04-02 13:49:21'),
(13, 'Daron Heidenreich', '290-801-935', '1415 Donato Terrace Suite 342\nEast Anjali, VA 61120-0051', '2016-04-02 13:49:21', '2016-04-02 13:49:21'),
(14, 'Prof. Earlene Reichel', '(414)938-34', '444 Burdette Gardens\nLake Viola, IA 15076', '2016-04-02 13:49:21', '2016-04-02 13:49:21'),
(15, 'Eliseo Bruen', '764.105.691', '3339 Hintz Spring\nHaroldberg, OR 68626', '2016-04-02 13:49:21', '2016-04-02 13:49:21'),
(16, 'Kakon', '0193847464', 'Surma', NULL, NULL),
(17, 'Nowshad', '092337247', 'Topobon', NULL, NULL),
(18, 'Shopon', '023846374', 'SUST', NULL, NULL),
(19, 'Shazid', '0238377236', 'Zindabazar', NULL, NULL),
(20, 'Sourav', '34326387', 'Amborkhana', NULL, NULL),
(21, 'Zillur', '023892738', 'Pathantula', NULL, NULL),
(22, 'Sharif', '02882623', 'Dhaka', NULL, NULL),
(23, 'Rifat', '0238927476', 'Dhanmondi', NULL, NULL),
(24, 'Shohan', '0823627', 'Mirpur', NULL, NULL),
(25, 'Saife', '0283826465', 'Uttara', NULL, NULL),
(26, 'Dipu', '2886754543', 'Modina Market', NULL, NULL);

-- --------------------------------------------------------

--
-- Table structure for table `food_items`
--

CREATE TABLE IF NOT EXISTS `food_items` (
  `id` int(10) unsigned NOT NULL,
  `name` varchar(255) COLLATE utf8_unicode_ci NOT NULL,
  `price` int(11) NOT NULL,
  `image` varchar(255) COLLATE utf8_unicode_ci NOT NULL,
  `person_count` int(11) NOT NULL,
  `ingredients` varchar(255) COLLATE utf8_unicode_ci NOT NULL,
  `is_special` tinyint(1) NOT NULL,
  `description` text COLLATE utf8_unicode_ci NOT NULL,
  `created_at` timestamp NULL DEFAULT NULL,
  `updated_at` timestamp NULL DEFAULT NULL,
  `restaurant_id` int(10) unsigned NOT NULL,
  `category_id` int(10) unsigned NOT NULL
) ENGINE=InnoDB AUTO_INCREMENT=646 DEFAULT CHARSET=utf8 COLLATE=utf8_unicode_ci;

--
-- Dumping data for table `food_items`
--

INSERT INTO `food_items` (`id`, `name`, `price`, `image`, `person_count`, `ingredients`, `is_special`, `description`, `created_at`, `updated_at`, `restaurant_id`, `category_id`) VALUES
(1, 'Neil Corkery III', 17609, 'http://lorempixel.com/640/480/?89892', 3, 'Illum quisquam optio et. Ab non qui omnis aut dolorem et illum. Distinctio incidunt occaecati enim vero. Cupiditate ut facere sunt culpa et odit dolor.', 0, 'Nulla nam temporibus et sunt. Quo voluptatem ipsa et. Ipsum dicta harum nam eos saepe consectetur aut. Impedit voluptas nisi fugit nesciunt perferendis voluptatem vel et.', '2016-04-02 13:48:42', '2016-04-02 13:48:42', 1, 1),
(2, 'Leora Blanda', 14453, 'http://lorempixel.com/640/480/?93577', 2, 'Eos sint excepturi maiores cumque. Ut repudiandae nulla consequatur aliquam. Ut fugiat velit nihil unde odit veniam provident. Saepe sapiente possimus qui sit impedit sapiente ipsa aut.', 1, 'Itaque autem enim rerum est. At ut sit ut est ut vitae rerum. Velit incidunt quod natus aperiam.', '2016-04-02 13:48:42', '2016-04-02 13:48:42', 1, 1),
(3, 'Nelson Langosh', 3605, 'http://lorempixel.com/640/480/?27049', 2, 'Iste quae quia dolorem libero voluptatem. Officia vel neque aliquam ut ut dolor. Qui possimus sequi ullam illo voluptatem earum. Et repellendus velit ex sunt voluptas.', 0, 'Neque ut eligendi temporibus in tempora et totam. Aperiam est quia voluptatibus voluptatem. Porro consequatur sit sequi dolor repellendus facere.', '2016-04-02 13:48:42', '2016-04-02 13:48:42', 1, 1),
(4, 'Guadalupe Howell', 3633, 'http://lorempixel.com/640/480/?30644', 2, 'Quia odio laborum nesciunt amet accusantium nulla odit. Reiciendis sit esse et laudantium maiores.', 0, 'Velit explicabo est officiis minus. Distinctio quam ipsa eum nobis nihil. Non sed placeat alias. Totam corrupti doloremque eius et beatae et.', '2016-04-02 13:48:42', '2016-04-02 13:48:42', 1, 1),
(5, 'Miss Maryjane McCullough DVM', 17918, 'http://lorempixel.com/640/480/?10703', 1, 'Delectus ut optio enim ipsum. Vero error est quo rerum in. Aperiam dicta eaque facilis. Repudiandae qui accusantium quasi et.', 0, 'Ratione totam quis sit odio eius. Id rerum unde hic vitae. Et incidunt voluptas rerum dolore. Quidem fugit quasi aperiam natus fugit perferendis inventore.', '2016-04-02 13:48:43', '2016-04-02 13:48:43', 1, 1),
(6, 'Kendall Bruen', 18456, 'http://lorempixel.com/640/480/?28579', 3, 'At fugit aut qui maiores. Rerum eligendi corrupti doloremque ratione similique ut. Culpa enim est aut illo doloribus ut. Aut magni sed consequatur dolorum architecto magnam.', 1, 'Beatae consequatur eaque sint expedita ullam dolorem voluptas. Nulla ea sit vel. Est aspernatur omnis quae tempora cupiditate animi rerum.', '2016-04-02 13:48:43', '2016-04-02 13:48:43', 1, 2),
(7, 'Thad Murazik', 13460, 'http://lorempixel.com/640/480/?43588', 4, 'Et consequatur cupiditate consequuntur dolorem quibusdam. Voluptates quod nulla quia et. Recusandae sit eum quidem.', 0, 'Ut iure nihil eius ab repudiandae velit. Iste sapiente omnis porro sunt beatae omnis velit. Et voluptatum similique ea aut. Nam quaerat occaecati rerum saepe harum quod odio.', '2016-04-02 13:48:43', '2016-04-02 13:48:43', 1, 2),
(8, 'Beau Beatty', 4357, 'http://lorempixel.com/640/480/?56336', 2, 'Hic dolorem aut non nam. Velit voluptatem aut sunt.\nAut voluptatem beatae et dolor similique voluptatibus. Et laudantium et veritatis sint tempore quia nulla ab. Et quia unde omnis a id enim non.', 1, 'Et autem hic rerum iste dicta explicabo facilis ut. Quod laudantium nobis tempora est. Possimus nemo sed quod minus. Voluptatem tempora omnis pariatur dicta temporibus.', '2016-04-02 13:48:43', '2016-04-02 13:48:43', 1, 2),
(9, 'Eldridge Haley', 17904, 'http://lorempixel.com/640/480/?92458', 4, 'Quia autem dolorum voluptatem magni sed ut consequatur. Rerum velit eos provident officiis velit qui veniam. Ut nihil laudantium quasi saepe temporibus asperiores.', 0, 'Ut quam distinctio omnis tempora est nostrum. Quis quae et possimus quia. Laboriosam rerum laborum quo enim quia.', '2016-04-02 13:48:43', '2016-04-02 13:48:43', 1, 2),
(10, 'Bo Frami', 11566, 'http://lorempixel.com/640/480/?89570', 3, 'Est voluptas modi incidunt voluptas eum dignissimos. Illo sed dolor fugit animi ipsum aliquam. Nemo omnis harum nostrum et animi et. Quibusdam itaque et veniam rerum asperiores repudiandae ut ea.', 0, 'Voluptates qui ipsa temporibus facere. Est velit velit architecto est sed. Velit voluptas est eaque dolorem dolorum.', '2016-04-02 13:48:43', '2016-04-02 13:48:43', 1, 2),
(11, 'Dessie Kshlerin Sr.', 6525, 'http://lorempixel.com/640/480/?56871', 1, 'Omnis occaecati aut est id qui nesciunt necessitatibus. Ducimus nihil sed culpa a ut qui. Accusamus nobis autem quos eum eum ut.', 0, 'Et architecto magnam ut facere odio debitis dicta. Est recusandae ipsum dolorem aspernatur quia sint eius.', '2016-04-02 13:48:43', '2016-04-02 13:48:43', 1, 3),
(12, 'Leanna Terry', 9129, 'http://lorempixel.com/640/480/?57070', 1, 'Nemo vitae non praesentium. Quo magni voluptatem repellat iure exercitationem magnam. Ducimus distinctio omnis et.', 0, 'Fuga deserunt neque illo quidem dolor aut eveniet dolor. Mollitia rerum repellat vitae aut quasi. Ut quia explicabo magnam aperiam.', '2016-04-02 13:48:43', '2016-04-02 13:48:43', 1, 3),
(13, 'Ashtyn Christiansen', 7704, 'http://lorempixel.com/640/480/?77445', 2, 'Qui est corrupti porro deserunt quibusdam ratione magnam. Optio enim ut provident harum vero neque cum sit.', 0, 'Quisquam ad et deserunt quae possimus laborum beatae. Exercitationem autem fugiat at cum. Enim iusto aut eum. Consequuntur ut placeat laborum aut amet ducimus ullam quod.', '2016-04-02 13:48:43', '2016-04-02 13:48:43', 1, 3),
(14, 'Karl Kihn', 8683, 'http://lorempixel.com/640/480/?12717', 3, 'Accusamus soluta id eius cumque quas aperiam. Fuga cupiditate repudiandae omnis. Et eaque sit accusamus eos debitis eius possimus est. Accusantium odit impedit ut consequuntur illo consequatur.', 0, 'Rerum cumque illo exercitationem placeat ducimus est harum consequatur. Quam similique voluptatibus et sint. Eos illum ipsa eveniet.', '2016-04-02 13:48:43', '2016-04-02 13:48:43', 1, 3),
(15, 'Waldo Beer', 689, 'http://lorempixel.com/640/480/?21440', 1, 'Dicta ut rerum illo omnis hic voluptas. Aut maiores ipsa aperiam voluptatum ea. Et libero odit recusandae rerum. Culpa praesentium qui quia eum aut.', 0, 'Eum et minima corporis. Reiciendis nobis explicabo repellendus quibusdam. Dolor autem architecto minus ut.', '2016-04-02 13:48:43', '2016-04-02 13:48:43', 1, 3),
(16, 'Osvaldo Gibson', 17981, 'http://lorempixel.com/640/480/?78315', 1, 'Ipsam assumenda consequatur optio dignissimos. Rerum architecto excepturi eligendi assumenda deserunt. Illo qui ut laborum quasi.', 0, 'Sed dolor et tempora voluptas est reprehenderit voluptate. Voluptatem illum incidunt sed. Saepe id ea et et fugit. Dolores facilis aut deleniti qui. Sequi quaerat rerum nostrum quo tempore suscipit.', '2016-04-02 13:48:43', '2016-04-02 13:48:43', 1, 4),
(17, 'Hertha Mayer', 15345, 'http://lorempixel.com/640/480/?19542', 1, 'Ut quam in rem eum cupiditate. Corporis repellat assumenda sint vitae quidem ut. Eum nam iure qui sit nemo id.', 1, 'Fugit qui inventore ut placeat labore. Consequuntur qui delectus ut tempora libero iure hic quasi. Et reprehenderit id temporibus deleniti.', '2016-04-02 13:48:43', '2016-04-02 13:48:43', 1, 4),
(18, 'Dr. Raphael Jenkins MD', 7319, 'http://lorempixel.com/640/480/?64546', 4, 'Ea perspiciatis adipisci ipsam. Doloribus culpa omnis nihil esse. Ut mollitia aut libero consequatur animi.', 0, 'Laudantium non et veritatis natus fugit omnis. Quos eligendi qui non dolorem. Impedit quo sed sint rem voluptas. Illo nulla consequatur quas vero eos ab architecto.', '2016-04-02 13:48:43', '2016-04-02 13:48:43', 1, 4),
(19, 'Prof. Elton Roob', 15161, 'http://lorempixel.com/640/480/?80206', 3, 'Voluptas sit dolores quia velit repudiandae hic. Autem voluptatem a labore ut. Eum qui aliquid quaerat ab temporibus ut aut. Aspernatur deserunt laborum fugit.', 1, 'Beatae ut ratione veniam veniam vero sint itaque. Unde dolorem vero possimus totam aut aperiam qui. Voluptas sit doloremque aut ipsam dignissimos dolor. Qui et qui ipsum voluptatem.', '2016-04-02 13:48:43', '2016-04-02 13:48:43', 1, 4),
(20, 'Laron Rippin', 13067, 'http://lorempixel.com/640/480/?65744', 1, 'Ipsa occaecati quia placeat quibusdam et ullam et. Blanditiis aliquam dolore neque aut autem. Possimus illum autem et quo. Ipsum qui illo similique.', 1, 'Velit similique reprehenderit enim tempore nisi eveniet totam. Ipsa maiores veritatis maiores quibusdam enim. Facere qui qui non ut cum quo ad.', '2016-04-02 13:48:43', '2016-04-02 13:48:43', 1, 4),
(21, 'Dane Ondricka', 19024, 'http://lorempixel.com/640/480/?71674', 2, 'Animi nam suscipit fugiat deleniti illum odit vitae velit. Excepturi recusandae et minima ipsam. Maxime incidunt voluptatum illo autem consectetur dolorem temporibus totam.', 1, 'Aperiam est esse repellendus odio aut. Temporibus et facere dolore. Impedit et aut cupiditate placeat et necessitatibus.', '2016-04-02 13:48:43', '2016-04-02 13:48:43', 1, 5),
(22, 'Ms. Annabelle O''Kon', 16515, 'http://lorempixel.com/640/480/?11827', 3, 'Nostrum non qui veritatis ullam accusantium ad. Cum facere quia odit nostrum autem. Qui tempore error eos fugit. Adipisci est placeat harum rerum adipisci.', 0, 'Ut error explicabo corporis. In ipsam ullam aut officia itaque. Dolorem eos qui ab nam et et voluptates. Provident ut repellat ut quia voluptate sed.', '2016-04-02 13:48:43', '2016-04-02 13:48:43', 1, 5),
(23, 'Vanessa Goodwin', 4710, 'http://lorempixel.com/640/480/?48431', 3, 'Molestias illo vero odio eos enim ducimus laborum. Velit soluta nihil recusandae corporis. Aut id voluptatibus ab provident.', 1, 'Quis nisi natus animi laborum. Pariatur ad veniam facilis ipsum rerum quo. Soluta est a vero tenetur quod ut est.', '2016-04-02 13:48:44', '2016-04-02 13:48:44', 1, 5),
(24, 'Ofelia Rowe', 13429, 'http://lorempixel.com/640/480/?61728', 3, 'Ab quos optio soluta aliquam omnis. Dignissimos alias sit dicta cumque voluptas itaque. Qui ullam perspiciatis ut consequatur hic perferendis.', 0, 'Ullam cupiditate molestiae omnis doloribus sit amet eligendi. Quis maiores est quia eaque.\nConsequuntur delectus sapiente omnis aspernatur cum optio. Ea hic consequatur harum veniam.', '2016-04-02 13:48:44', '2016-04-02 13:48:44', 1, 5),
(25, 'Mr. Joe Pouros DVM', 15510, 'http://lorempixel.com/640/480/?85456', 1, 'Atque est error minima quaerat earum aut magni dolore. Sapiente et perspiciatis iure commodi qui. Qui eos et velit qui at non recusandae.', 0, 'Quis in dolorem dolorem doloribus iusto minima quia dolorem. Ab vel in dolores cumque voluptatem magnam. Sit odio ea nesciunt magnam est rerum voluptatibus. Est nihil vitae autem dolor sed quae.', '2016-04-02 13:48:44', '2016-04-02 13:48:44', 1, 5),
(26, 'Mr. Rhett Davis', 17017, 'http://lorempixel.com/640/480/?91379', 3, 'Fugit quam repudiandae laudantium eaque quidem. Aliquid placeat dolorum vitae optio nisi nesciunt. Delectus aut sint debitis nam.', 0, 'Aut dignissimos inventore amet consequatur commodi ut et. Sapiente iure dolorum eos aut quos fugit occaecati. Dolor iure libero minima dolore nihil porro. At sed deserunt ex consectetur et.', '2016-04-02 13:48:44', '2016-04-02 13:48:44', 1, 6),
(27, 'Adrain Zemlak', 19547, 'http://lorempixel.com/640/480/?98613', 2, 'Saepe qui veniam sapiente ea et aut qui cumque. Rerum praesentium impedit ea voluptas ratione sit dolore. Aliquam amet rem repellendus.', 1, 'Dolore aut aperiam quisquam voluptatibus sint. Ut qui consequatur totam sequi laudantium impedit autem.\nConsectetur architecto molestiae sunt voluptatem. Placeat et iste voluptas at id ut animi et.', '2016-04-02 13:48:44', '2016-04-02 13:48:44', 1, 6),
(28, 'Berta McCullough', 18560, 'http://lorempixel.com/640/480/?91911', 2, 'Impedit voluptatem consequatur voluptatum autem. Ut quae molestiae delectus explicabo est rerum blanditiis. Ex voluptatem omnis voluptatem est reiciendis. Et qui aut est in mollitia iure dolor nobis.', 1, 'Architecto accusamus temporibus id eos. Nulla sed iure voluptatem ea. Veniam voluptatem delectus ut voluptas odio dolore.', '2016-04-02 13:48:44', '2016-04-02 13:48:44', 1, 6),
(29, 'Melyna Larkin I', 14516, 'http://lorempixel.com/640/480/?56254', 2, 'Modi suscipit animi repellendus cumque fugit. Corrupti doloremque maxime laudantium. Sequi provident deserunt sit sed earum ea.', 1, 'Accusantium itaque perferendis nostrum expedita. Aut hic temporibus ullam facilis. Officiis at beatae quod ut omnis repellendus. Voluptas aperiam sequi maiores cum quis.', '2016-04-02 13:48:44', '2016-04-02 13:48:44', 1, 6),
(30, 'Prof. Linwood Prosacco I', 19266, 'http://lorempixel.com/640/480/?20590', 1, 'Et omnis nihil ea. Neque non quis voluptatum delectus consequuntur. Aut odit voluptate quasi dolorem aut architecto rerum. Dolor dolorem sapiente et omnis molestiae ut culpa nihil.', 1, 'Quia voluptatem deleniti aut consectetur consequatur cum. Harum aut deserunt voluptas. Et autem animi autem qui.', '2016-04-02 13:48:44', '2016-04-02 13:48:44', 1, 6),
(31, 'Waldo Hartmann Sr.', 6546, 'http://lorempixel.com/640/480/?57770', 4, 'Sint aut praesentium dolores vel sunt numquam natus. Numquam dolores omnis nam animi. Harum est ipsa vitae pariatur qui et aperiam molestiae.', 0, 'Autem quo cupiditate adipisci. Aut alias consectetur aut rerum quia rem architecto harum. Nemo aut est sapiente ab facere. Officiis quidem et repellendus sapiente consequuntur.', '2016-04-02 13:48:44', '2016-04-02 13:48:44', 1, 7),
(32, 'Kareem Paucek I', 2453, 'http://lorempixel.com/640/480/?59578', 3, 'Provident veniam ut voluptatum quo consequatur reprehenderit. Sit quibusdam ex quis qui quis voluptas eum. Eum et est eum dolor.', 0, 'Minus dicta nemo aut. Perspiciatis et dolores distinctio quos ut impedit ea voluptate. Est numquam est voluptate laudantium veritatis.', '2016-04-02 13:48:44', '2016-04-02 13:48:44', 1, 7),
(33, 'Baron Douglas Jr.', 17008, 'http://lorempixel.com/640/480/?92006', 3, 'Eum maiores tempore iure perspiciatis. Exercitationem earum cumque ratione dolores pariatur quos et et.', 1, 'Et aut blanditiis vel maiores sunt ad porro. Repudiandae ab voluptatibus ex quo ut quidem qui incidunt. Sit sed quaerat animi repellendus maxime voluptates numquam.', '2016-04-02 13:48:44', '2016-04-02 13:48:44', 1, 7),
(34, 'Jermaine Flatley Jr.', 12668, 'http://lorempixel.com/640/480/?12680', 1, 'Ut consequatur dicta ut est non dolorem. Facilis veritatis eos voluptates quisquam. Sit modi beatae est sit fuga ut rem. Dolorem ut accusantium reprehenderit vitae aliquid omnis.', 1, 'Voluptatem quo suscipit sed commodi impedit est rerum eos. Quo iste delectus veritatis. Nulla architecto quia delectus tenetur. Commodi quaerat qui iusto non.', '2016-04-02 13:48:44', '2016-04-02 13:48:44', 1, 7),
(35, 'Corine Hilpert', 8196, 'http://lorempixel.com/640/480/?12375', 4, 'Maiores tempora dolore doloribus eveniet quia. Omnis odit et culpa magnam. Et modi incidunt suscipit eveniet. Totam et quasi ab.', 0, 'Quae optio voluptates dignissimos dignissimos et asperiores repellat placeat. Quia eos deleniti aut praesentium rerum veniam repudiandae culpa. Est voluptas et dicta laboriosam ipsum iste tempora.', '2016-04-02 13:48:44', '2016-04-02 13:48:44', 1, 7),
(36, 'Miss Jennifer Franecki II', 580, 'http://lorempixel.com/640/480/?93025', 3, 'Itaque rerum sit consectetur cumque dolorem dolores aut. Omnis inventore sed dolor repellat est vel. Architecto id odio quia et. Ut sit non et et dolores.', 0, 'Possimus cum quo quos rerum et dolorem dolores. Aut temporibus iusto nisi laborum et. Harum at sint voluptas deleniti aut nostrum asperiores. Facere quia quam fugiat sed et.', '2016-04-02 13:48:44', '2016-04-02 13:48:44', 1, 8),
(37, 'Lois Wisoky', 11084, 'http://lorempixel.com/640/480/?48909', 3, 'Illum ipsam qui beatae inventore temporibus atque inventore vero. In in non aspernatur animi qui quisquam quia. Et in et numquam corporis odit voluptatem et.', 1, 'Sunt dicta sed maiores quod aut. Vel exercitationem maiores suscipit sit. Beatae amet perspiciatis voluptas facilis laudantium totam. Itaque omnis officiis aut atque quam iste.', '2016-04-02 13:48:44', '2016-04-02 13:48:44', 1, 8),
(38, 'Dr. Madelynn Rice V', 15319, 'http://lorempixel.com/640/480/?43031', 4, 'Eligendi aperiam earum et dolorem consequatur. Facere sequi iste est nisi modi dolores. Maxime est quia esse temporibus voluptates.', 0, 'Sed quibusdam nihil quae possimus est. Quis vel dicta exercitationem eos dolores error. Molestiae pariatur atque est tempore.', '2016-04-02 13:48:44', '2016-04-02 13:48:44', 1, 8),
(39, 'Stewart Botsford', 14182, 'http://lorempixel.com/640/480/?60689', 1, 'Ex dolorem in laboriosam quidem et quam. Cum autem sint veniam voluptatem cupiditate. Et aliquid est sit assumenda sed exercitationem dolorem. Reiciendis aut iusto excepturi ipsum sed ut et.', 0, 'Distinctio distinctio et tenetur et iste nemo. Ullam esse dolor ut qui. Blanditiis enim et non veritatis. Qui officiis ab quidem deserunt doloribus sint ullam.', '2016-04-02 13:48:44', '2016-04-02 13:48:44', 1, 8),
(40, 'Lavada Schamberger DDS', 9869, 'http://lorempixel.com/640/480/?48353', 2, 'Animi nihil in quia culpa laudantium eligendi omnis. Dignissimos ut molestiae aliquid consectetur mollitia. Odio accusamus debitis ut ut quis sint. Minus dolores iste culpa.', 0, 'Non nostrum natus aut. Reiciendis voluptas doloribus alias soluta voluptas harum sit. Et ratione numquam voluptate est et pariatur.', '2016-04-02 13:48:44', '2016-04-02 13:48:44', 1, 8),
(41, 'Lina Braun Jr.', 2342, 'http://lorempixel.com/640/480/?85103', 2, 'Veritatis dolores labore sequi omnis ipsa placeat omnis. Non ut id in vel qui. Sit animi illo minus molestiae rem sit porro recusandae.', 0, 'Nemo error esse sunt quia excepturi. Rerum et et quo rerum. Et doloribus esse error aperiam autem aut beatae.', '2016-04-02 13:48:44', '2016-04-02 13:48:44', 1, 9),
(42, 'Braeden Moore', 4916, 'http://lorempixel.com/640/480/?33838', 1, 'Praesentium et quod sunt quis. Exercitationem nemo fugiat odit inventore quam id. Eum sint voluptatem soluta natus.', 1, 'Facere veniam ullam vero non cum aut. Maiores voluptatem quas delectus cum aut dolor ut deserunt. Quam occaecati earum error animi.', '2016-04-02 13:48:44', '2016-04-02 13:48:44', 1, 9),
(43, 'Mr. Torrey Monahan DVM', 13846, 'http://lorempixel.com/640/480/?98742', 2, 'Nihil non atque qui rerum dicta quod quis. Voluptas sint quasi eaque velit ex aut. Est dolores enim laudantium. Quis ut minus porro quis consequuntur.', 1, 'Repudiandae quis ut qui suscipit sapiente. Ut aut aspernatur dolor sit. Aliquam amet perferendis tempore illo impedit voluptatem omnis.', '2016-04-02 13:48:44', '2016-04-02 13:48:44', 1, 9),
(44, 'Aisha Watsica DVM', 1620, 'http://lorempixel.com/640/480/?44134', 4, 'Et sunt aut qui. Alias cupiditate exercitationem sed repellendus fuga ut iure. Ipsa amet magnam nihil similique ut occaecati. Eos sint vero ut at non assumenda ut.', 1, 'Aut fugit ipsa ipsam qui cumque rerum distinctio. Quis alias perferendis facere. Doloribus aut velit deserunt alias doloribus. Culpa vero dolores molestiae quibusdam sunt rerum.', '2016-04-02 13:48:45', '2016-04-02 13:48:45', 1, 9),
(45, 'Kelsi Schulist', 928, 'http://lorempixel.com/640/480/?88698', 4, 'Explicabo aspernatur et sequi quasi. Porro quo excepturi cumque officia.', 1, 'Eveniet quia laborum facilis voluptatum laboriosam. Quisquam temporibus facere provident aperiam. Eligendi facilis quaerat totam tenetur dolore.', '2016-04-02 13:48:45', '2016-04-02 13:48:45', 1, 9),
(46, 'Heber Ullrich', 3008, 'http://lorempixel.com/640/480/?16411', 4, 'Rerum cum sed amet qui. Error ullam quo velit quia quaerat maiores numquam. Eum ullam eligendi quas cumque dolores quo.', 1, 'Ea aut vel sequi quo qui voluptates ducimus nihil. Eos quos culpa possimus laudantium est consequatur tempora ut. Quidem sit eos ad nobis ut quasi et. Sed est pariatur necessitatibus et.', '2016-04-02 13:48:45', '2016-04-02 13:48:45', 1, 10),
(47, 'Jeremie Breitenberg', 15430, 'http://lorempixel.com/640/480/?56497', 1, 'Nulla perspiciatis voluptatem est mollitia impedit id reprehenderit unde. Ex et ipsum quo ut. Impedit culpa unde fugit.', 1, 'Minima cum veritatis labore reiciendis aliquam. Perferendis architecto sed cupiditate aliquam quas. Porro enim dolores totam iure occaecati quibusdam porro sint.', '2016-04-02 13:48:45', '2016-04-02 13:48:45', 1, 10),
(48, 'Dr. Libby Volkman IV', 18361, 'http://lorempixel.com/640/480/?67799', 4, 'Sapiente ipsum dicta in odit. Qui saepe sint est est accusamus. Sit repudiandae sunt sapiente. Incidunt quam et sit aut est.', 0, 'Unde odio nulla voluptatem nesciunt eum dolorum. Dolorem quidem sint laborum nulla minus. Laudantium voluptate numquam nostrum facilis.', '2016-04-02 13:48:45', '2016-04-02 13:48:45', 1, 10),
(49, 'Prof. Brady Boehm DVM', 14378, 'http://lorempixel.com/640/480/?21701', 1, 'Eligendi ea quia a qui aliquid voluptates. Est delectus sint consequatur vero. Repellat accusantium corrupti corrupti ad sit suscipit similique necessitatibus. Aliquam cumque ut autem molestias.', 1, 'Ut hic fugiat animi. Dolor quasi quis corrupti assumenda. Sit culpa quod ut magnam tempore perspiciatis.', '2016-04-02 13:48:45', '2016-04-02 13:48:45', 1, 10),
(50, 'Colin Strosin', 2261, 'http://lorempixel.com/640/480/?37587', 3, 'Dolorum debitis nihil est asperiores. Sint voluptate porro voluptas eius sunt perspiciatis maiores. Eveniet ad repudiandae officia praesentium.', 0, 'Eum vitae corporis dolorem asperiores ea corporis. Facilis quos distinctio beatae sequi rerum.', '2016-04-02 13:48:45', '2016-04-02 13:48:45', 1, 10),
(51, 'Ernie Deckow', 14496, 'http://lorempixel.com/640/480/?27708', 2, 'Eos doloribus cumque accusamus ea ea aliquam id voluptate. Recusandae natus ut sint ea nemo a. Sed aliquam aut dolorem veniam exercitationem nostrum.', 1, 'Voluptas sunt sunt ea est animi eos commodi. Quis quae sit laudantium sed. Odit voluptatum consequuntur est voluptatem.', '2016-04-02 13:48:45', '2016-04-02 13:48:45', 1, 11),
(52, 'Prof. Lucious Feil Jr.', 15478, 'http://lorempixel.com/640/480/?19583', 3, 'Dolorum sed fugit id rerum reiciendis reiciendis animi. Laborum quaerat nihil ex suscipit molestias culpa. Et cum et dolor perferendis amet. Atque iure dolor minima et voluptatibus culpa est.', 0, 'Iure cumque recusandae dignissimos accusamus quia. Velit et impedit velit. Quasi soluta ut et nostrum sint.', '2016-04-02 13:48:45', '2016-04-02 13:48:45', 1, 11),
(53, 'Bessie Mayert', 17485, 'http://lorempixel.com/640/480/?16256', 1, 'Culpa sint est debitis suscipit et est. Nesciunt laudantium et placeat. Molestias unde est animi quod. Accusantium est sed amet culpa culpa odit voluptatem.', 0, 'Ad eveniet sunt error odio. Nobis quia eaque eligendi cumque voluptatem sit. Nobis in optio optio sint.', '2016-04-02 13:48:45', '2016-04-02 13:48:45', 1, 11),
(54, 'Ebba Rosenbaum', 6511, 'http://lorempixel.com/640/480/?94092', 2, 'Officia ut quisquam dolorem ducimus. Laboriosam dolore aut ut et ea suscipit ex. Nobis saepe amet dignissimos omnis vel. Aut tempora neque aut deleniti eveniet dicta voluptatem.', 1, 'Fugiat adipisci magni maiores sit quod eos. Eum quo vel animi ea aut. Doloremque aliquid voluptatem qui exercitationem ex.', '2016-04-02 13:48:45', '2016-04-02 13:48:45', 1, 11),
(55, 'Vesta Schuster', 8158, 'http://lorempixel.com/640/480/?91738', 3, 'Optio voluptatem ut non fuga quia rerum. Quae omnis in sapiente laudantium. Molestiae sint ratione laudantium perferendis sed.', 0, 'Consectetur qui qui aliquid non ea. Recusandae eum non perspiciatis ratione quod. Sed perspiciatis assumenda est doloremque. Expedita neque ut fuga omnis est adipisci.', '2016-04-02 13:48:45', '2016-04-02 13:48:45', 1, 11),
(56, 'Brenna Lakin', 6463, 'http://lorempixel.com/640/480/?74757', 2, 'Hic dolore dicta voluptas repellat. Ut sed enim non et maxime. Eaque voluptatibus quo consequatur rerum.', 1, 'Magnam quia quae est voluptatem qui qui. Eos et quia in quo. Ducimus ex sit aut magni ut ut totam.\nSuscipit ab natus animi odit. Impedit corporis at perspiciatis pariatur.', '2016-04-02 13:48:45', '2016-04-02 13:48:45', 1, 12),
(57, 'Ayden Nolan', 3197, 'http://lorempixel.com/640/480/?88352', 1, 'In aut cum voluptatem consequuntur. Eum rerum veniam culpa ut voluptas molestiae. Magnam odio odit odit dolores illo cupiditate totam.', 0, 'Est non omnis voluptas et similique hic praesentium. Molestiae impedit consequuntur aut ab accusamus quia voluptas. Animi libero quia quod ut aliquid omnis perferendis possimus.', '2016-04-02 13:48:45', '2016-04-02 13:48:45', 1, 12),
(58, 'Amira Koch', 15763, 'http://lorempixel.com/640/480/?87426', 3, 'Et voluptatem repellat perferendis nam. Ipsum consequatur sed qui. Asperiores dolores velit esse esse.', 0, 'Assumenda vel culpa est et sed. Velit delectus debitis rem eos repellat. Totam tempora dignissimos nulla excepturi iure quasi. Quia sapiente dolor vel in non.', '2016-04-02 13:48:45', '2016-04-02 13:48:45', 1, 12),
(59, 'Dorothea Weissnat', 766, 'http://lorempixel.com/640/480/?82370', 4, 'Et molestiae molestiae sed. Assumenda veniam necessitatibus excepturi. Aut assumenda voluptas eaque voluptatem quo tempore. Non ipsam voluptas non quas velit quod porro rerum.', 1, 'Facilis nihil sequi nisi dolorem. Voluptatum vero explicabo perferendis ut necessitatibus consequatur. Dolores repellendus officia est laboriosam ut.', '2016-04-02 13:48:45', '2016-04-02 13:48:45', 1, 12),
(60, 'Prof. Delta Veum DDS', 14348, 'http://lorempixel.com/640/480/?84852', 3, 'Aut sunt et quidem velit. A veritatis natus laboriosam nulla labore ut et. Omnis sequi veritatis quasi tempore qui facilis sed.', 0, 'Veniam maxime reprehenderit fugit. Ratione molestias quas nihil nesciunt. Nesciunt consequatur sequi voluptatum nostrum enim explicabo. Omnis fugiat aliquam aut nihil.', '2016-04-02 13:48:45', '2016-04-02 13:48:45', 1, 12),
(61, 'Andreanne Carroll III', 10997, 'http://lorempixel.com/640/480/?75437', 1, 'Necessitatibus iste eveniet ea iste sed non ipsam odit. Est non eum qui labore et. Alias ratione accusamus aut omnis officia dolor iste dicta.', 1, 'Et porro et commodi delectus temporibus commodi. Odio autem odio sint non voluptatem repudiandae. Est enim aliquam esse ut optio est.', '2016-04-02 13:48:45', '2016-04-02 13:48:45', 1, 13),
(62, 'Mrs. Viviane Yost V', 2040, 'http://lorempixel.com/640/480/?86933', 4, 'Ut id nam sunt nihil. Sapiente debitis autem molestiae et consequatur voluptatem. Enim quo velit voluptates ducimus similique cumque.', 0, 'Est deserunt natus recusandae sint enim a molestias placeat. Eaque et deserunt qui qui qui. Omnis in velit ut.', '2016-04-02 13:48:45', '2016-04-02 13:48:45', 1, 13),
(63, 'Prof. Angelo VonRueden III', 4119, 'http://lorempixel.com/640/480/?47005', 4, 'Non ea vero qui similique ut est. Dicta perferendis veritatis dolor ad et ipsa deleniti. Similique minima atque quidem aliquam numquam. Repellat alias quia voluptas nesciunt dolorem quo.', 0, 'Quibusdam et voluptatibus enim incidunt ratione eligendi. Ut labore libero magnam fugit officia voluptatem. Optio ut aperiam repellat nihil voluptas.', '2016-04-02 13:48:45', '2016-04-02 13:48:45', 1, 13),
(64, 'Delphia Ryan', 3233, 'http://lorempixel.com/640/480/?87650', 1, 'Quod quidem molestias aut quasi omnis sed. Eveniet facilis velit provident at. Et non voluptas ea eius aut provident nobis.', 1, 'Perferendis architecto delectus est nihil voluptatem aperiam atque et. Sunt praesentium et et architecto voluptatum doloribus temporibus ea. Ex eligendi aperiam aut non illo eaque.', '2016-04-02 13:48:45', '2016-04-02 13:48:45', 1, 13),
(65, 'Henderson Gibson', 13134, 'http://lorempixel.com/640/480/?22704', 4, 'Sed non ipsa minima nam. Quia sit corporis et. Repudiandae magni repellendus praesentium odit magni earum. Vero praesentium incidunt ut aliquid et est animi nostrum.', 0, 'Sit laudantium qui quis sequi velit et. Qui voluptate excepturi rerum sit. Quos voluptatum quos perferendis voluptatum cum ut nemo.', '2016-04-02 13:48:45', '2016-04-02 13:48:45', 1, 13),
(66, 'Jazlyn Kunde Sr.', 13619, 'http://lorempixel.com/640/480/?95600', 3, 'Ut iste magnam accusantium voluptatem minima suscipit cum. Et dicta dicta vero ut. Earum alias amet voluptas dolores.', 1, 'Non repellendus eum possimus sit distinctio. Sapiente ipsam suscipit iure quo nemo repellat. Quia nostrum aliquid modi quas sed et ut. Error cumque quo odit eligendi voluptatem rerum.', '2016-04-02 13:48:45', '2016-04-02 13:48:45', 1, 14),
(67, 'Anne Bayer', 4663, 'http://lorempixel.com/640/480/?73445', 3, 'Dolorem impedit repellat voluptas. Sequi perspiciatis error ullam earum distinctio qui labore magni. Itaque vero qui possimus quisquam sint veniam a. Recusandae et quisquam est consequatur.', 0, 'Ipsam exercitationem rerum debitis et numquam quis est. Rerum molestias nihil nobis culpa est similique harum.', '2016-04-02 13:48:46', '2016-04-02 13:48:46', 1, 14),
(68, 'Madaline Buckridge', 19453, 'http://lorempixel.com/640/480/?44240', 3, 'Dolores officiis quasi sed cumque. Sed beatae unde provident voluptas ex. Voluptatem et minus omnis. Ut dolore dolorem ipsa sapiente voluptatum.', 1, 'Nobis qui perspiciatis quasi ducimus et. Illo magnam ut et molestias aut nam consequatur excepturi. Aut eveniet id ipsa iusto unde molestiae. Accusantium nihil quo explicabo quis expedita autem.', '2016-04-02 13:48:46', '2016-04-02 13:48:46', 1, 14),
(69, 'Kianna Legros PhD', 14896, 'http://lorempixel.com/640/480/?73913', 2, 'Id excepturi modi cupiditate. Asperiores omnis quo occaecati ipsum quidem velit. Consequatur dicta ea qui quia eos cupiditate. Rerum nulla et aperiam exercitationem totam enim.', 0, 'Earum officia omnis quia molestiae. Omnis illum soluta perspiciatis neque dolores voluptatibus. Praesentium in impedit numquam voluptas voluptas nulla a. Optio vel inventore in molestiae tempore.', '2016-04-02 13:48:46', '2016-04-02 13:48:46', 1, 14),
(70, 'Gilbert Simonis', 4850, 'http://lorempixel.com/640/480/?85383', 2, 'Non harum et nisi quos dicta exercitationem. Cum ea sit voluptatem aut labore. Maiores autem molestiae exercitationem sunt dolores porro.', 1, 'Enim veritatis est id nesciunt rerum consequatur. Rerum velit deserunt perferendis odit.', '2016-04-02 13:48:46', '2016-04-02 13:48:46', 1, 14),
(71, 'Trisha Baumbach', 8220, 'http://lorempixel.com/640/480/?26660', 4, 'Possimus odio animi pariatur omnis ratione. Libero reiciendis rem ut. Iste quo quisquam consequatur dicta esse. Autem ea sunt eligendi ut ut sint vitae ipsum.', 0, 'Omnis et et repellendus assumenda adipisci nihil saepe. Quas non voluptas rerum. Aut enim nisi et in et. Accusamus illum et iste provident suscipit esse.', '2016-04-02 13:48:46', '2016-04-02 13:48:46', 1, 15),
(72, 'Dr. Kassandra Marks', 8755, 'http://lorempixel.com/640/480/?22089', 4, 'Minus et ut impedit ut facere rerum. Consectetur quasi quam illum asperiores et occaecati qui. Vitae non illo et. Eius qui consectetur consequuntur sapiente est.', 0, 'Ratione itaque sit cum sequi et omnis. Facere et saepe fugiat nam architecto facilis quis pariatur. Ex voluptatem ducimus laboriosam in incidunt.', '2016-04-02 13:48:46', '2016-04-02 13:48:46', 1, 15),
(73, 'Ladarius Crona', 13156, 'http://lorempixel.com/640/480/?55305', 1, 'Qui rerum et quia dolor eveniet temporibus. Magnam quod consequuntur corporis sed nobis accusamus perspiciatis. Commodi quisquam iste soluta aut.', 0, 'Asperiores aspernatur est temporibus nobis voluptate voluptas non. Iure qui reiciendis occaecati officiis. Ut adipisci id facere non odit facilis.', '2016-04-02 13:48:46', '2016-04-02 13:48:46', 1, 15),
(74, 'Orval Connelly I', 14899, 'http://lorempixel.com/640/480/?55074', 3, 'Officia delectus quas numquam. Consectetur qui et molestiae veritatis dolores quo. Eligendi impedit repellat voluptatibus veniam. Rerum fugiat ut quis voluptas incidunt officiis tempore autem.', 1, 'Laboriosam repudiandae sint sit. Tenetur consequatur neque iure et quos et ea. Enim error dolorem ducimus sed rerum dignissimos.', '2016-04-02 13:48:46', '2016-04-02 13:48:46', 1, 15),
(75, 'Mrs. Sandrine Waelchi', 1511, 'http://lorempixel.com/640/480/?19124', 3, 'Minima facere tempora eius fugiat asperiores et laudantium dolore. Atque ut maxime similique deserunt. Delectus corrupti sint sint totam. Voluptas ducimus officiis praesentium quidem est est cum.', 0, 'Quisquam voluptatem impedit sed. Quidem perspiciatis et molestiae nostrum voluptatem corrupti. Aliquam quia odio quia eveniet.', '2016-04-02 13:48:46', '2016-04-02 13:48:46', 1, 15),
(76, 'Prof. Ashlynn Senger', 3017, 'http://lorempixel.com/640/480/?16075', 1, 'In error ex id qui velit similique sit. Unde nisi veniam voluptatum possimus nostrum. Tempora omnis est dolorem tempora incidunt sit voluptatem. Ut libero assumenda architecto omnis odio recusandae.', 0, 'Qui numquam qui et ipsam. Qui minus vero deleniti et voluptas asperiores. Qui optio dolores ab enim aliquam. Et non ut iste fugit ipsam.', '2016-04-02 13:48:46', '2016-04-02 13:48:46', 1, 16),
(77, 'Juliet Doyle', 8162, 'http://lorempixel.com/640/480/?16279', 4, 'Ut enim laboriosam enim rerum. Eligendi voluptates nemo eaque aliquid harum aliquid. Mollitia voluptatem et blanditiis vel qui architecto. Doloribus dignissimos pariatur vero consequuntur.', 1, 'Voluptates magnam mollitia odio quis odio nostrum. Sed magni et unde aut.', '2016-04-02 13:48:46', '2016-04-02 13:48:46', 1, 16),
(78, 'Giovani Beer', 8231, 'http://lorempixel.com/640/480/?64394', 1, 'Beatae vero ducimus voluptas provident. Odit assumenda quis at quia quo temporibus id. Quod quia rem voluptatem illum aspernatur quod quia.', 0, 'Repellat maiores ut enim tempore. Ipsum aliquid dicta aut modi temporibus. Quasi a nihil alias quis voluptate sit sapiente. Ea qui quo autem impedit.', '2016-04-02 13:48:46', '2016-04-02 13:48:46', 1, 16),
(79, 'Sallie Grimes II', 18178, 'http://lorempixel.com/640/480/?84986', 2, 'Voluptatum quidem id praesentium perspiciatis non eum at. Similique modi in rerum omnis repellat. Nemo vel quod non. Consectetur minus porro similique laborum minus.', 0, 'Debitis dolores harum aperiam atque et. Aut cupiditate necessitatibus excepturi laborum asperiores numquam.', '2016-04-02 13:48:47', '2016-04-02 13:48:47', 1, 16),
(80, 'Vernon Rolfson V', 8700, 'http://lorempixel.com/640/480/?90617', 2, 'Fugit quas eaque aut maiores commodi. Nemo eum id aliquid. Omnis reprehenderit quia sunt.', 1, 'Dolorem dolorem in voluptatem aut. Voluptatem tempora et impedit sunt pariatur voluptates incidunt sequi. Molestias suscipit nostrum iure officia. Nulla quasi excepturi enim quia accusantium.', '2016-04-02 13:48:47', '2016-04-02 13:48:47', 1, 16),
(81, 'Sanford Franecki', 4100, 'http://lorempixel.com/640/480/?27813', 3, 'Ad veniam pariatur at voluptas est consectetur. Quo ab quam iure. Sequi et eum eius nesciunt iure.', 0, 'Deleniti error ut in est pariatur. Distinctio aperiam quia ratione qui voluptatem. Dolores expedita eos fugit est ut reiciendis et. Laborum recusandae distinctio cum eaque corporis rerum.', '2016-04-02 13:48:47', '2016-04-02 13:48:47', 1, 17),
(82, 'Janae Thompson', 10148, 'http://lorempixel.com/640/480/?22681', 2, 'Natus ea itaque ducimus ut voluptatum soluta eum. Quisquam nobis dolorem earum velit illo. Id molestias veritatis nihil sed nihil. Perferendis ut eaque quaerat.', 1, 'Delectus est dignissimos dolor id culpa. Non doloremque ipsum hic et quia tempore autem. Et facilis alias dolor voluptatem nihil omnis. Non laborum eligendi maiores quidem sit.', '2016-04-02 13:48:47', '2016-04-02 13:48:47', 1, 17),
(83, 'Prof. Nona Hessel MD', 18080, 'http://lorempixel.com/640/480/?17843', 4, 'Occaecati rerum est aut voluptas earum odio. Aut quaerat corrupti dolor officiis. Natus incidunt mollitia ipsam dolore repudiandae dolorem reprehenderit in.', 1, 'Quod nulla tempora et est sit rerum nihil numquam. Molestiae dolores adipisci et iure rem sequi. Rerum quaerat et laudantium vel dignissimos sint est.', '2016-04-02 13:48:47', '2016-04-02 13:48:47', 1, 17),
(84, 'Maverick Windler', 5511, 'http://lorempixel.com/640/480/?16822', 4, 'Sapiente molestiae repellendus odio voluptatem velit. Voluptatem ad inventore accusantium voluptas praesentium et. Qui in amet reiciendis dolores quasi nam.', 0, 'Unde minima vero officiis exercitationem voluptatem. Possimus qui quae dicta accusamus quo porro qui. Nostrum optio voluptas aut. Autem illum sunt eius eveniet.', '2016-04-02 13:48:47', '2016-04-02 13:48:47', 1, 17),
(85, 'Daisha Muller III', 8238, 'http://lorempixel.com/640/480/?92731', 3, 'Aut autem sunt asperiores deleniti. Aut enim eum dolore velit magnam. Et repellendus vel tenetur voluptate autem magnam laboriosam. Illo molestias et dicta facilis autem aut quas.', 0, 'Rerum rerum quam unde omnis architecto voluptas. Eveniet esse voluptatem sed nam eum corrupti. Consequatur delectus perspiciatis inventore ut. Ut nihil magni tempore dolore iste.', '2016-04-02 13:48:47', '2016-04-02 13:48:47', 1, 17),
(86, 'Myra Conroy', 2322, 'http://lorempixel.com/640/480/?13904', 3, 'Doloribus rerum rem sint provident accusamus non. Sapiente autem fuga deserunt eius distinctio et in. Nisi fugit fugiat maxime eveniet ab.', 0, 'Dignissimos nam quos consequatur est. Labore ratione laudantium sed voluptas ipsum aut inventore rerum. Nemo id officiis non aut qui.', '2016-04-02 13:48:47', '2016-04-02 13:48:47', 1, 18),
(87, 'Prof. Lorenzo Yost Jr.', 18301, 'http://lorempixel.com/640/480/?46331', 1, 'Aut veritatis accusamus molestias et quibusdam tenetur. Distinctio voluptas sapiente ut nulla laudantium ut delectus eum. Suscipit qui reiciendis nemo quos qui necessitatibus possimus.', 1, 'Est rerum minus labore et deserunt at dolore. Reiciendis dignissimos est rerum deleniti. Temporibus consequatur praesentium omnis incidunt occaecati a eaque adipisci.', '2016-04-02 13:48:47', '2016-04-02 13:48:47', 1, 18),
(88, 'Miss Jacky McGlynn', 19958, 'http://lorempixel.com/640/480/?24753', 3, 'Laboriosam totam in autem illo minima dolores consectetur. Nostrum odit nostrum nemo rerum. Ut magni deserunt et inventore quasi reprehenderit.', 1, 'Porro possimus molestiae fugiat labore inventore hic. Aut sunt quis soluta quo nemo eligendi at iste. Aut quaerat voluptatum magnam suscipit nam adipisci quam.', '2016-04-02 13:48:47', '2016-04-02 13:48:47', 1, 18),
(89, 'Hanna Vandervort', 19414, 'http://lorempixel.com/640/480/?44520', 2, 'Facilis odit magni rerum est. Quam repellat facilis voluptatem nesciunt voluptas et. Cum necessitatibus consequatur officia. Voluptatem et nesciunt a eos est porro.', 1, 'Aut commodi voluptatum aut nihil eum repellendus. Vitae quia voluptate quo commodi. Et autem esse aliquid quibusdam maxime eum et omnis. Ab necessitatibus illum et quidem cumque saepe.', '2016-04-02 13:48:47', '2016-04-02 13:48:47', 1, 18),
(90, 'Franco Gutmann Jr.', 12068, 'http://lorempixel.com/640/480/?90717', 1, 'Id ratione inventore enim voluptas optio pariatur. Officia magnam corporis illo. Autem molestias dolorem vel veritatis veritatis natus voluptatem vitae.', 0, 'Eos porro qui expedita. Aut mollitia quo vel similique eos quia est. Eligendi sed et temporibus molestias error libero. Et veritatis itaque expedita et maxime.', '2016-04-02 13:48:47', '2016-04-02 13:48:47', 1, 18),
(91, 'Olin Buckridge', 11031, 'http://lorempixel.com/640/480/?69536', 4, 'Exercitationem aperiam laudantium perspiciatis vitae delectus. Similique eos accusamus aut a quisquam. Rerum possimus molestiae qui unde quidem.', 0, 'Aut explicabo perferendis illum voluptatem in ut velit. Omnis doloribus ea recusandae sunt consequatur. Et qui magnam neque beatae error ab.', '2016-04-02 13:48:47', '2016-04-02 13:48:47', 1, 19),
(92, 'Lonnie Jones', 2177, 'http://lorempixel.com/640/480/?67498', 2, 'Autem ut laudantium voluptatem architecto sequi expedita necessitatibus. Sint rerum non a enim. Molestias ex molestiae dolore aut qui. Ad debitis quisquam illum aut.', 0, 'Voluptates odit tenetur quia eaque est. Corrupti omnis beatae odio aut. Illo qui illum maxime quidem debitis dicta nobis.', '2016-04-02 13:48:47', '2016-04-02 13:48:47', 1, 19),
(93, 'Theo Balistreri', 5679, 'http://lorempixel.com/640/480/?34897', 3, 'Eum ut porro qui sint. Sunt voluptatem explicabo vel accusantium distinctio. Recusandae odit ut iste quo eum.', 0, 'Molestias rerum ullam voluptas officiis error error. Iure rerum excepturi ipsa saepe excepturi facilis. Ut dolor dolorem est enim sint quia. Facere unde eveniet dicta.', '2016-04-02 13:48:47', '2016-04-02 13:48:47', 1, 19),
(94, 'Chanelle Satterfield', 8458, 'http://lorempixel.com/640/480/?72523', 1, 'Ullam error placeat deserunt consequatur. Distinctio pariatur fugit vero similique. Culpa ut assumenda cupiditate nihil aut nulla.', 1, 'Illo exercitationem et omnis veritatis est. Ut praesentium expedita aut quibusdam nihil quisquam. Et veniam laboriosam magnam quia est dolores id.', '2016-04-02 13:48:47', '2016-04-02 13:48:47', 1, 19),
(95, 'Miss Delta Jones', 11823, 'http://lorempixel.com/640/480/?19128', 2, 'Quo consequatur praesentium repellat vel sed. Consequatur quia sunt cumque et molestias sed aperiam. Exercitationem facilis aliquid a quis eum praesentium.', 1, 'Labore necessitatibus quo nulla et nisi minima. Enim voluptatem iure nulla.\nEnim dolor nisi facilis. Voluptatibus vitae enim sunt non nulla sint itaque. Tempore nam architecto tempora fugiat.', '2016-04-02 13:48:47', '2016-04-02 13:48:47', 1, 19),
(96, 'Mr. Earnest Beier V', 1504, 'http://lorempixel.com/640/480/?48814', 2, 'Cupiditate aut quis nam odio aut quidem id. Velit rem quis quidem quis quisquam omnis voluptate. Consequuntur optio blanditiis fugit atque et sed animi aut.', 1, 'Voluptates a et odio alias. Qui rem aut est distinctio aut voluptatem aut. Odio omnis dolor fuga facere velit.\nMagnam at doloribus magni qui. Quas qui nisi nihil. Quo harum a cumque quis.', '2016-04-02 13:48:47', '2016-04-02 13:48:47', 1, 20),
(97, 'Nicklaus Jakubowski', 14369, 'http://lorempixel.com/640/480/?51425', 3, 'Eos ut cum rerum recusandae vel dolore. Iste perspiciatis quia vero. Nihil in eum voluptatem corporis.\nBeatae fuga nam temporibus est. Eum libero consequatur est sed beatae.', 0, 'Id optio nihil sequi. Aut autem sunt error at nostrum. Adipisci ea numquam aut quidem omnis. Itaque dolores velit quo totam qui ut.', '2016-04-02 13:48:47', '2016-04-02 13:48:47', 1, 20),
(98, 'Laila Kovacek DVM', 17340, 'http://lorempixel.com/640/480/?27968', 1, 'Eum provident quisquam pariatur fugiat quisquam assumenda. Maxime voluptas et accusantium. Eos dolorum et praesentium. Repellendus et fugit sunt quia.', 1, 'Nesciunt odio quo sunt sint qui tempora dolor quibusdam. Ut quam enim alias eum possimus. Ipsa et nisi dolores dolores voluptatibus. Est optio eaque iusto.', '2016-04-02 13:48:47', '2016-04-02 13:48:47', 1, 20),
(99, 'Mitchell Sporer', 10288, 'http://lorempixel.com/640/480/?39129', 3, 'Esse et qui nobis blanditiis. Impedit molestiae quae reiciendis laudantium aut necessitatibus. Ducimus reiciendis harum voluptatibus tempore quia est quis. Voluptas aut odit rerum non neque qui.', 1, 'Sit voluptatem cum et veniam assumenda et. Qui illo nulla architecto temporibus dolores. Dignissimos iste similique quod enim velit repellendus.', '2016-04-02 13:48:47', '2016-04-02 13:48:47', 1, 20),
(100, 'Jabari Greenfelder', 317, 'http://lorempixel.com/640/480/?64742', 2, 'Quis dolorem minus qui enim itaque. Consequatur aut temporibus aut qui. Incidunt enim facilis error dignissimos quidem. Temporibus eaque et odio soluta error.', 0, 'Et odio sit harum sed autem. Necessitatibus sapiente et commodi et. Quisquam quia aut explicabo et voluptatem qui rem aut.', '2016-04-02 13:48:48', '2016-04-02 13:48:48', 1, 20),
(101, 'Miss Melyssa Roob', 7686, 'http://lorempixel.com/640/480/?65222', 2, 'Corrupti et et et exercitationem rem non. Ut doloremque dolores voluptatum qui vel quisquam.', 0, 'Quibusdam repellendus cupiditate cumque sed consequuntur. Excepturi saepe sit enim consequatur omnis mollitia qui. Est et qui aut animi.', '2016-04-02 13:48:48', '2016-04-02 13:48:48', 1, 21),
(102, 'Prof. Issac Anderson Sr.', 13320, 'http://lorempixel.com/640/480/?47524', 1, 'Rerum et delectus voluptatum et inventore. Iusto omnis dolor aperiam magnam labore eaque. Qui nobis soluta doloremque tempora maxime. Adipisci et ut illo fugiat.', 1, 'Quia rerum esse nemo earum nulla eius neque. Aliquid et eveniet et tempore voluptas. Officia laborum assumenda repellat quisquam nobis. Dolore omnis dolor enim labore tenetur totam qui aliquam.', '2016-04-02 13:48:48', '2016-04-02 13:48:48', 1, 21),
(103, 'Howard Von', 10135, 'http://lorempixel.com/640/480/?22971', 1, 'Incidunt et numquam modi voluptatibus modi. Et repellat placeat ut nihil modi qui. Aspernatur sit maiores aperiam. Deserunt et quisquam sint maxime et consectetur.', 1, 'Ipsa omnis pariatur tempore et ipsam. Saepe nobis quidem inventore rem. Placeat et excepturi est tenetur.', '2016-04-02 13:48:48', '2016-04-02 13:48:48', 1, 21),
(104, 'Shannon Schoen', 14558, 'http://lorempixel.com/640/480/?77110', 3, 'Tempore eos error excepturi nesciunt ut vel aut. Dolor quis perferendis minima esse distinctio. Consequatur et iusto sit natus eos repellendus aliquid.', 0, 'Molestiae qui voluptas laborum similique ab. Aspernatur aut quae quia. Omnis ut molestiae exercitationem est natus est quae.', '2016-04-02 13:48:48', '2016-04-02 13:48:48', 1, 21),
(105, 'Dr. Sonya Schneider', 15615, 'http://lorempixel.com/640/480/?75645', 3, 'Non unde at tempore qui fugit qui. A veniam assumenda occaecati est distinctio. Qui temporibus sed nihil repudiandae qui labore distinctio ad.', 0, 'Possimus totam qui est. Ipsum assumenda sapiente dolore voluptatum voluptates quae perferendis id. Ut fuga quisquam aliquam aut.', '2016-04-02 13:48:48', '2016-04-02 13:48:48', 1, 21),
(106, 'Tod Rice', 7033, 'http://lorempixel.com/640/480/?99745', 3, 'Quia totam illum quo enim dicta. Nulla accusantium laboriosam at numquam incidunt est nemo voluptatem.', 1, 'Distinctio autem quia qui temporibus. Nihil cum dolor sit vero tempora est itaque.\nDicta itaque optio ex temporibus dolores et. Eius dolores debitis id sed a. Cupiditate consequuntur sunt nihil.', '2016-04-02 13:48:48', '2016-04-02 13:48:48', 1, 22),
(107, 'Alison Hahn', 15040, 'http://lorempixel.com/640/480/?67175', 1, 'Mollitia consequuntur ipsam reprehenderit culpa veniam placeat dolor. Omnis quo maiores ex perspiciatis sit quisquam. Tenetur error temporibus earum qui exercitationem.', 0, 'Animi alias eos non sit nobis. Qui suscipit numquam voluptatem molestias perspiciatis odio. Vitae facilis nihil asperiores ut tempora et ipsa.', '2016-04-02 13:48:48', '2016-04-02 13:48:48', 1, 22),
(108, 'Miss Joanne Sauer II', 15283, 'http://lorempixel.com/640/480/?65709', 3, 'Et voluptas rerum a soluta voluptatem necessitatibus culpa. Est totam eveniet aliquid est soluta autem in. Porro deleniti eius voluptatem rem ipsum sit sunt.', 1, 'Enim libero quasi inventore animi eum. Consequatur ut quia sapiente ratione dolorem. Deleniti est accusamus quibusdam illo iure qui.', '2016-04-02 13:48:48', '2016-04-02 13:48:48', 1, 22),
(109, 'Vincenzo Abshire', 3185, 'http://lorempixel.com/640/480/?16065', 1, 'Cum maiores et dolores mollitia. Eius et sunt inventore molestias magni. Similique quae error commodi aspernatur reprehenderit.', 1, 'Reprehenderit et dolores aut. Rerum ipsum itaque neque mollitia et. Maxime eum consequatur ut quo consequatur molestiae.', '2016-04-02 13:48:48', '2016-04-02 13:48:48', 1, 22),
(110, 'Austyn Bauch PhD', 11390, 'http://lorempixel.com/640/480/?11323', 2, 'Qui et autem et. Sit animi perferendis eos ut quo et. Aut ut odit facilis sit odit. Quo accusamus ut quo et cupiditate sit consequuntur.', 0, 'Id inventore incidunt placeat tempore corrupti molestiae enim. Ad porro minima consequuntur sit eaque eaque repellat.', '2016-04-02 13:48:48', '2016-04-02 13:48:48', 1, 22),
(111, 'Dr. Lilliana Yost', 6478, 'http://lorempixel.com/640/480/?96348', 1, 'Sed voluptatem odio repellendus quas consequuntur alias corrupti voluptate. Ducimus natus et impedit et quaerat voluptas non. Et ducimus velit totam harum itaque adipisci.', 0, 'Ullam iure dolorem impedit autem eaque. Excepturi aut rerum similique dignissimos et. Et est quae corrupti debitis earum.', '2016-04-02 13:48:48', '2016-04-02 13:48:48', 1, 23),
(112, 'Jettie Runolfsdottir MD', 3743, 'http://lorempixel.com/640/480/?17740', 2, 'Voluptates eos in repudiandae sapiente non. Voluptatem qui praesentium debitis eligendi. Tenetur et officiis ea omnis ut magnam.', 0, 'Cupiditate ut et modi ut. Non tempore alias porro voluptas ex. Cumque et laboriosam voluptas eos blanditiis.', '2016-04-02 13:48:48', '2016-04-02 13:48:48', 1, 23),
(113, 'Violet Stroman', 10133, 'http://lorempixel.com/640/480/?76411', 1, 'Voluptates perferendis sapiente adipisci commodi. Dolorem recusandae mollitia est earum at sit et. Autem molestiae quo voluptas minus dicta. Quos harum id quaerat temporibus.', 1, 'Cupiditate hic ut libero aliquam qui exercitationem. Facere ipsa est expedita et perspiciatis.', '2016-04-02 13:48:48', '2016-04-02 13:48:48', 1, 23),
(114, 'Jett Jones', 3552, 'http://lorempixel.com/640/480/?65798', 4, 'Qui ut odio porro asperiores. Ex cum voluptas voluptatem optio temporibus consequatur. Facere accusamus dolore inventore voluptatem quia excepturi rerum. Maiores voluptas ullam unde est non.', 0, 'Sunt tempora accusamus facilis ratione voluptas sed tempora. Saepe rerum dolores natus. Rem optio voluptatem labore praesentium modi. Ducimus iste nesciunt quaerat.', '2016-04-02 13:48:48', '2016-04-02 13:48:48', 1, 23),
(115, 'Clarabelle Walter', 1803, 'http://lorempixel.com/640/480/?80957', 4, 'Quos saepe recusandae molestiae quaerat nisi repellat dignissimos. Error nulla rerum consequuntur fuga. Eos excepturi amet eum cumque.', 1, 'Ipsam debitis vel doloremque rem voluptas debitis harum. Ut odio veniam optio aut aliquam. Provident sit aliquam ipsam pariatur facere vel. A nesciunt doloribus est eius recusandae consectetur magni.', '2016-04-02 13:48:48', '2016-04-02 13:48:48', 1, 23);
INSERT INTO `food_items` (`id`, `name`, `price`, `image`, `person_count`, `ingredients`, `is_special`, `description`, `created_at`, `updated_at`, `restaurant_id`, `category_id`) VALUES
(116, 'Stacey Schroeder', 374, 'http://lorempixel.com/640/480/?16149', 1, 'Eos temporibus vel molestiae provident. Et praesentium numquam aliquam facere possimus officiis dicta. Reiciendis quia possimus nihil. Molestias iusto deleniti nisi itaque reiciendis nihil quia.', 1, 'Molestiae blanditiis id aut officiis porro eum ut omnis. Tempora tenetur velit sit cupiditate. Et voluptate qui corporis saepe voluptatum cum. Laboriosam est velit quas vitae quia ut.', '2016-04-02 13:48:48', '2016-04-02 13:48:48', 1, 24),
(117, 'August Anderson', 13038, 'http://lorempixel.com/640/480/?12428', 3, 'Aperiam autem qui doloribus autem quis corporis. Quas maiores ipsum commodi aliquam. Rerum accusamus incidunt ut nostrum incidunt.', 0, 'Unde et totam dolorem maiores veniam inventore. Ea quo repudiandae exercitationem molestiae enim sit blanditiis. Distinctio et atque voluptatem quam qui sed eos. Facilis aut animi possimus.', '2016-04-02 13:48:49', '2016-04-02 13:48:49', 1, 24),
(118, 'Domenica Osinski', 783, 'http://lorempixel.com/640/480/?42526', 2, 'Vel labore consequatur voluptatem velit quod in cupiditate. Veritatis molestiae illum id. Delectus tenetur voluptatem dolor hic ea et quasi. Incidunt odio et ut aut culpa delectus.', 0, 'Ipsa ut autem sed aut qui et qui. Tempore maiores vel sit dolorum modi sequi. Praesentium autem vel vel quisquam commodi labore sit.', '2016-04-02 13:48:49', '2016-04-02 13:48:49', 1, 24),
(119, 'Dr. Veda Schuster MD', 13776, 'http://lorempixel.com/640/480/?70530', 3, 'Aspernatur beatae aut numquam. Consequatur suscipit quod repudiandae qui et debitis. Accusamus voluptatem quis ullam eum quod ut cum. Voluptatem eum incidunt et molestiae.', 1, 'Earum ipsum error officiis temporibus mollitia. Voluptatem illum magni nisi aspernatur aut omnis sit et. Optio quo sed veritatis dignissimos.', '2016-04-02 13:48:49', '2016-04-02 13:48:49', 1, 24),
(120, 'Barton Schroeder', 5785, 'http://lorempixel.com/640/480/?76322', 2, 'Qui sint exercitationem neque illo dolores beatae ex quia. Modi illo ad saepe accusantium modi enim. Consequatur dolor eum magnam sint et tenetur.', 0, 'Repellendus at aliquid quia sapiente voluptas. Quo ut reiciendis corrupti tempore et ut. Debitis et ut alias ut itaque sit deserunt.', '2016-04-02 13:48:49', '2016-04-02 13:48:49', 1, 24),
(121, 'Otilia Grant', 18323, 'http://lorempixel.com/640/480/?49498', 4, 'Velit vitae ut tenetur provident qui possimus. Dicta eius debitis autem quia aut. Et illum quis animi aut et maiores.', 1, 'Officiis velit inventore ut modi voluptatem animi. Commodi id et repudiandae ut. Voluptates tempore quas dignissimos officia ut. Perspiciatis est repudiandae quod.', '2016-04-02 13:48:49', '2016-04-02 13:48:49', 1, 25),
(122, 'Prof. Delaney Anderson IV', 11305, 'http://lorempixel.com/640/480/?69961', 1, 'Non odio quam reprehenderit quasi illo quia beatae. Incidunt nulla harum sapiente soluta quibusdam sequi.', 0, 'Consectetur molestiae reprehenderit numquam ullam eos error sed. Iusto quidem ut ut voluptatem et enim dolore perferendis.', '2016-04-02 13:48:49', '2016-04-02 13:48:49', 1, 25),
(123, 'Kaitlyn Lueilwitz', 18642, 'http://lorempixel.com/640/480/?35890', 1, 'Debitis maiores et velit aliquid officiis. Qui enim reprehenderit quia sint. Debitis aut officiis quo blanditiis dolores.', 1, 'Magni et saepe quasi blanditiis doloribus. Ut maxime eos quos quod iusto. Ut itaque omnis suscipit commodi numquam et. Labore accusamus dignissimos ad totam iste pariatur.', '2016-04-02 13:48:49', '2016-04-02 13:48:49', 1, 25),
(124, 'Kayla Waters', 12578, 'http://lorempixel.com/640/480/?59205', 1, 'Hic est provident suscipit sit cum asperiores. Dignissimos dolorum laboriosam ut.', 1, 'Qui asperiores nesciunt quaerat dolore autem velit quibusdam sint. Eius id dolores sequi alias et consectetur et. Quia iure nemo vero velit qui libero facere.', '2016-04-02 13:48:49', '2016-04-02 13:48:49', 1, 25),
(125, 'Marilyne Abbott', 14713, 'http://lorempixel.com/640/480/?90104', 1, 'Enim nostrum corrupti velit. Voluptatibus nesciunt recusandae repellendus a in.', 1, 'Reprehenderit natus nemo sed dicta quos sequi quae. Natus error tenetur accusantium quis doloribus. Totam quia numquam eligendi magni eum quibusdam qui neque. Ipsum alias aliquid tempore at.', '2016-04-02 13:48:49', '2016-04-02 13:48:49', 1, 25),
(126, 'Dr. Albert Lynch', 1813, 'http://lorempixel.com/640/480/?60424', 4, 'Rerum eos consectetur harum enim saepe dolore sed cumque. Sit et est quis ipsam et. Aliquid vel ipsa vitae praesentium dolores veniam soluta.', 0, 'Cumque et quia ut saepe eum quod. Repellat non rerum quia porro ipsam nemo. Totam voluptas reprehenderit sed et ad unde beatae.', '2016-04-02 13:48:49', '2016-04-02 13:48:49', 2, 1),
(127, 'Lelia Gibson', 12053, 'http://lorempixel.com/640/480/?47110', 1, 'Sapiente iusto qui est nihil dolore neque id quis. Exercitationem et eaque modi eaque et itaque. Explicabo qui qui beatae officia numquam aut. Ut rem iure omnis sed esse doloribus qui.', 1, 'Quam nulla perspiciatis aliquid enim facilis qui molestiae. Et ut molestias iste nobis placeat.', '2016-04-02 13:48:49', '2016-04-02 13:48:49', 2, 1),
(128, 'Asha Crist', 16607, 'http://lorempixel.com/640/480/?89392', 4, 'Rem sit voluptas nemo aut. Beatae repudiandae totam adipisci laudantium. Quo pariatur non harum est.', 0, 'Quia dolore commodi sit eveniet consequuntur et. Natus quibusdam et et ex. Reiciendis quod sit fugiat dolor ipsum beatae est. Voluptas consequatur ea asperiores ea veritatis.', '2016-04-02 13:48:49', '2016-04-02 13:48:49', 2, 1),
(129, 'Dr. Cassie Satterfield PhD', 5032, 'http://lorempixel.com/640/480/?24645', 3, 'Quos dolorem veritatis amet dicta et accusantium. Nulla quae possimus voluptate delectus.', 1, 'Accusantium qui temporibus ut dolores. Esse dicta minus nesciunt labore. Impedit quia omnis aliquid aliquid.', '2016-04-02 13:48:49', '2016-04-02 13:48:49', 2, 1),
(130, 'Johanna Kuhlman', 14728, 'http://lorempixel.com/640/480/?41947', 1, 'Velit et magnam explicabo sed fugit. Et mollitia laborum maxime dolor id reprehenderit esse. Alias atque harum iusto vel autem.', 1, 'Doloremque consequatur voluptates quasi quia. Aut magnam ut dicta id sunt similique eum quis. Optio sed ducimus non occaecati consectetur impedit inventore.', '2016-04-02 13:48:50', '2016-04-02 13:48:50', 2, 1),
(131, 'Gracie Green', 16829, 'http://lorempixel.com/640/480/?83995', 4, 'Distinctio cumque et rerum. Laborum est aut quisquam accusamus. Ipsum provident facilis non accusamus. Doloremque doloribus voluptate molestiae dolorum eos non.', 0, 'Odit velit illum molestias consequatur est autem aut. Quidem perferendis quas ipsa dignissimos provident nostrum et sed. Qui tempora dolorum ut est fugiat. Temporibus nemo neque doloremque maxime.', '2016-04-02 13:48:50', '2016-04-02 13:48:50', 2, 2),
(132, 'Prof. Teagan Strosin I', 18214, 'http://lorempixel.com/640/480/?24432', 1, 'Atque nostrum quae sit ad fuga quia. Veritatis ut recusandae sit. Et animi dolor veniam.', 1, 'Voluptatem cum in inventore tempore sint rem architecto. Porro repudiandae quia et facilis sit laborum qui consequatur. Occaecati fuga ut error nihil voluptatem.', '2016-04-02 13:48:50', '2016-04-02 13:48:50', 2, 2),
(133, 'Kyleigh Abernathy', 6492, 'http://lorempixel.com/640/480/?86570', 3, 'Quia fugiat animi et. Blanditiis reiciendis assumenda et ab. Officia blanditiis commodi eos earum.', 0, 'Dolores error dolore vero vel nihil. Cupiditate tempore dolorum voluptas similique cupiditate. Harum voluptas quia a ullam aliquam voluptas deserunt dolorem.', '2016-04-02 13:48:50', '2016-04-02 13:48:50', 2, 2),
(134, 'Prof. Cora Harber', 14526, 'http://lorempixel.com/640/480/?12108', 4, 'Vel rerum fuga quo ad. Voluptate et aut blanditiis quasi. Perspiciatis omnis aut nisi quae minus rem.', 0, 'Ad qui autem dolorem in. Dolore iusto qui ullam et est nobis aliquam. In autem quam nemo qui consequatur exercitationem.', '2016-04-02 13:48:50', '2016-04-02 13:48:50', 2, 2),
(135, 'Emerald Larson', 1630, 'http://lorempixel.com/640/480/?59477', 4, 'Veritatis rem qui repellendus. Earum iusto qui dolor iure similique alias ea. Iusto modi repellendus molestias. Cumque quia nesciunt quis nihil deleniti autem.', 0, 'Sint facere sed quis in soluta et corporis. Et et consequatur hic.\nDolor necessitatibus placeat ab eum. Vero qui quo est. Voluptatem consequatur incidunt vel iure labore error vel.', '2016-04-02 13:48:50', '2016-04-02 13:48:50', 2, 2),
(136, 'Mr. Tyrique Cole V', 10131, 'http://lorempixel.com/640/480/?37238', 2, 'Fuga quo commodi alias doloribus quasi aut. Sit distinctio et corrupti et rerum sunt. Tenetur blanditiis dicta et laborum.', 0, 'Doloribus unde mollitia nihil a. Dolorem consequatur et omnis. Dicta omnis quia sunt cum deleniti minus.', '2016-04-02 13:48:50', '2016-04-02 13:48:50', 2, 3),
(137, 'Melody Wilkinson', 8782, 'http://lorempixel.com/640/480/?75904', 3, 'Minus sequi et enim assumenda aut accusantium. Dolores ipsum minima sint deleniti. Atque quibusdam sunt est. Dolor quod molestiae facere et. Natus qui nisi et quis.', 1, 'Ut facilis corrupti labore est corporis modi. Eos eum dignissimos libero. Vitae saepe reprehenderit voluptatem et. Illo facere et nisi ut ut consequatur ea.', '2016-04-02 13:48:50', '2016-04-02 13:48:50', 2, 3),
(138, 'Dr. Kasandra Wisoky', 19097, 'http://lorempixel.com/640/480/?91521', 4, 'Perspiciatis placeat rem et beatae sunt necessitatibus ex. Molestias repellat dolor quis nostrum aut maiores iure. Est ea numquam eius possimus a.', 1, 'Qui qui omnis et odit quo unde. Quia voluptatem rerum nostrum id. Et minima qui soluta rerum.', '2016-04-02 13:48:50', '2016-04-02 13:48:50', 2, 3),
(139, 'Jaydon Upton', 16426, 'http://lorempixel.com/640/480/?83629', 1, 'Quibusdam culpa qui est repellat. In nostrum ut sequi ea inventore. Molestias sed cumque laboriosam enim odio omnis fuga. Ut autem magnam natus incidunt neque quod.', 0, 'Voluptatem minima amet fuga non iusto ea. Provident velit officia et saepe qui aspernatur. In maxime et quas. Possimus tempore voluptatem aperiam dolores dolorum fugiat et.', '2016-04-02 13:48:50', '2016-04-02 13:48:50', 2, 3),
(140, 'Amira Bechtelar', 5733, 'http://lorempixel.com/640/480/?57966', 3, 'Neque eos corporis quis officia. Dolor quia quis autem autem cupiditate. Porro amet dolore accusantium aut aspernatur quibusdam.', 0, 'Est praesentium cumque reiciendis voluptatibus facere nulla soluta. Consectetur natus quia sit sit. Corrupti hic inventore qui et. Harum rerum sit repellat veniam.', '2016-04-02 13:48:50', '2016-04-02 13:48:50', 2, 3),
(141, 'Dr. Reid Schultz', 9440, 'http://lorempixel.com/640/480/?91774', 3, 'Impedit voluptatem qui laboriosam distinctio ut animi occaecati. At unde ipsa dolor. Ut magni ut ad excepturi et expedita.', 1, 'Nam voluptates est sequi occaecati fuga. Maxime dolores eos sit possimus debitis. Ratione et fugiat maiores unde beatae.', '2016-04-02 13:48:50', '2016-04-02 13:48:50', 2, 4),
(142, 'Maurine Mante', 6927, 'http://lorempixel.com/640/480/?45205', 1, 'Quibusdam pariatur voluptas velit voluptas illum quia omnis. Non consequatur ut sint voluptatibus. Saepe unde asperiores labore autem dolorem est.', 1, 'Sapiente quia enim quae. Dicta accusantium atque sit. Voluptatem sint pariatur harum. Ut laboriosam sapiente delectus accusantium. Omnis dolorum est voluptas qui eos enim occaecati.', '2016-04-02 13:48:50', '2016-04-02 13:48:50', 2, 4),
(143, 'Marshall Block', 6553, 'http://lorempixel.com/640/480/?86371', 1, 'Non eos aperiam quidem explicabo. Ea numquam pariatur cumque cupiditate aut et qui. Ut adipisci ut error alias explicabo fuga sunt adipisci. Atque et eos non perspiciatis.', 0, 'Numquam distinctio tenetur eveniet doloremque. Magnam aut et qui. Nemo minima consequatur quis rem eius repellat. Et eius et voluptatem nihil et sint id consequatur.', '2016-04-02 13:48:50', '2016-04-02 13:48:50', 2, 4),
(144, 'Maddison Kshlerin', 1337, 'http://lorempixel.com/640/480/?18578', 4, 'Quibusdam ea dolor error dolores culpa sint. Et pariatur in sapiente accusamus id quia ratione. Veniam ipsum ut consequatur natus.', 1, 'Animi in et et dolores in voluptatem inventore. Qui aut magni vitae sint nemo iure. Magnam dolorem quae natus dignissimos dolor earum eum.', '2016-04-02 13:48:50', '2016-04-02 13:48:50', 2, 4),
(145, 'Prof. Emelie Ortiz I', 8111, 'http://lorempixel.com/640/480/?12363', 1, 'Officiis quidem et quas omnis. Veritatis quia similique architecto tempora amet doloribus. Eum est autem deserunt facilis eum et explicabo. Dolor eum neque laborum rerum.', 1, 'Aut adipisci qui beatae culpa. Aut fugiat ducimus sequi et. Sit natus soluta architecto nihil distinctio. Aliquid rerum magnam hic et.', '2016-04-02 13:48:50', '2016-04-02 13:48:50', 2, 4),
(146, 'Augustine Ziemann', 17459, 'http://lorempixel.com/640/480/?45321', 4, 'At eligendi est ut omnis voluptatem animi. Molestiae corrupti explicabo in incidunt facilis. Beatae quia et et neque. Ipsum beatae consequatur harum quibusdam quia.', 0, 'Blanditiis labore sed doloremque blanditiis molestiae iusto occaecati. Doloremque fugit libero qui adipisci cum illum. Recusandae similique aut repellat voluptatum est.', '2016-04-02 13:48:51', '2016-04-02 13:48:51', 2, 5),
(147, 'Dr. Lisandro Beatty III', 13844, 'http://lorempixel.com/640/480/?63768', 2, 'Et ad voluptas atque impedit iste. Et id autem dolores qui. Odio eum nulla reprehenderit voluptatum et dolores cumque. Commodi omnis neque et quis.', 1, 'Aliquam tempore similique praesentium quisquam et nihil. Nihil iste et et. Voluptatum qui nemo facilis aperiam recusandae.', '2016-04-02 13:48:51', '2016-04-02 13:48:51', 2, 5),
(148, 'Mr. Ken Koch PhD', 12161, 'http://lorempixel.com/640/480/?65229', 4, 'Nesciunt sed explicabo unde explicabo. Unde assumenda animi porro. Quos ea at vitae voluptatem et ut. Harum similique voluptates consequatur tempora.', 0, 'Eum voluptates dolorum blanditiis sequi debitis. Consequatur placeat ea omnis dolorem fugit. Quia harum eaque eveniet explicabo voluptatem.', '2016-04-02 13:48:51', '2016-04-02 13:48:51', 2, 5),
(149, 'Maci McGlynn', 5351, 'http://lorempixel.com/640/480/?34534', 4, 'Quo unde sunt sed ea aut. Incidunt autem repellendus quo accusantium ipsum. Autem sed laudantium ut aut ipsa. Doloribus minus doloribus enim hic soluta. Ex aut et consequatur ea illum.', 0, 'Vel quas repellat autem itaque. Quia consequatur aut facere et perferendis. Illum deleniti omnis et rem.', '2016-04-02 13:48:51', '2016-04-02 13:48:51', 2, 5),
(150, 'Jarred Reynolds', 1121, 'http://lorempixel.com/640/480/?48947', 2, 'Sed et magni facere nam explicabo facilis. Maxime necessitatibus et adipisci harum.', 0, 'Vero vel autem est est quia consequuntur sint. Ea dolorem pariatur delectus eaque magnam exercitationem omnis quia. Maiores sapiente sed minus enim consectetur est.', '2016-04-02 13:48:51', '2016-04-02 13:48:51', 2, 5),
(151, 'Mr. Darian Feeney', 17771, 'http://lorempixel.com/640/480/?16866', 2, 'Et quia impedit qui. Ipsum dolorum placeat omnis hic. Dolore veniam quos libero aliquid consequatur aut.', 0, 'Ut quo magni molestiae dolores. In qui voluptatum omnis accusamus ut amet ut. Cum voluptatem distinctio dolorum quia quos esse. Quia enim atque voluptas quia.', '2016-04-02 13:48:51', '2016-04-02 13:48:51', 2, 6),
(152, 'Dr. Mara Zboncak', 6756, 'http://lorempixel.com/640/480/?22748', 1, 'Voluptatum ullam optio est qui dignissimos voluptatum. Esse sed molestiae autem. Ut nihil sequi itaque. Velit incidunt numquam assumenda sed eos ipsa dolor.', 1, 'Facere totam quia qui aspernatur laborum earum vitae. Ea nemo quam veniam et animi. Ratione unde ratione similique quia nulla provident.', '2016-04-02 13:48:51', '2016-04-02 13:48:51', 2, 6),
(153, 'Samanta Kilback', 13189, 'http://lorempixel.com/640/480/?95656', 1, 'Voluptas autem omnis libero et. Quae non molestias omnis quo sit culpa. Culpa beatae iure aspernatur officiis ipsam est vero quis.', 1, 'Sed incidunt nobis commodi id velit odit. Possimus eum praesentium libero quae laudantium aut ut. Non adipisci officiis dolorum voluptatem blanditiis.', '2016-04-02 13:48:51', '2016-04-02 13:48:51', 2, 6),
(154, 'Ms. Jeanette Christiansen', 878, 'http://lorempixel.com/640/480/?93340', 1, 'Nam ipsa temporibus tenetur reprehenderit autem et eos. Dolorem nostrum eum et sint temporibus dolor. Quos alias quibusdam voluptates officiis sed mollitia.', 1, 'Iste atque enim laborum sed expedita est aut. Repellat sed ullam sint inventore. Velit ut asperiores repellat et iste.', '2016-04-02 13:48:51', '2016-04-02 13:48:51', 2, 6),
(155, 'Buck Balistreri', 4699, 'http://lorempixel.com/640/480/?75796', 4, 'Laboriosam dolor provident unde libero et. A esse totam aut veniam placeat quaerat veritatis. Vel aut itaque officia qui. Ut quia excepturi maxime et expedita illo.', 0, 'Eius aut error tempora. Qui reprehenderit harum architecto qui distinctio vitae. Et doloremque aliquam exercitationem.', '2016-04-02 13:48:51', '2016-04-02 13:48:51', 2, 6),
(156, 'Ms. Nayeli Cassin', 17002, 'http://lorempixel.com/640/480/?55171', 4, 'Totam et est suscipit. Vel iure molestias cupiditate quasi pariatur commodi aliquam. Amet temporibus ad et veniam.', 0, 'Eos tempore atque atque dolor ipsam. Doloremque ipsa sunt quia magnam commodi est qui. Dignissimos laborum voluptatem omnis qui nihil.', '2016-04-02 13:48:51', '2016-04-02 13:48:51', 2, 7),
(157, 'Prof. Gloria Pouros', 6970, 'http://lorempixel.com/640/480/?60271', 2, 'Ex in mollitia sunt tenetur qui. Eos cumque sit error veniam sit repellendus. Aut illo ullam adipisci qui nihil.', 0, 'Eos quo nobis et esse porro qui ut. Aut ut rerum nesciunt velit. Aut saepe rerum veritatis ratione et odio temporibus est. Aut consequatur voluptatem sit.', '2016-04-02 13:48:51', '2016-04-02 13:48:51', 2, 7),
(158, 'Ephraim Zieme', 11066, 'http://lorempixel.com/640/480/?92541', 2, 'Expedita distinctio earum ducimus veniam qui eum quos. Illo et autem minima voluptas quis suscipit tempora provident. Cupiditate perspiciatis qui corrupti nemo non officiis.', 0, 'Earum nesciunt illo impedit omnis aperiam dolores ipsam. A error est libero ut atque. Dolore corporis aut ratione.', '2016-04-02 13:48:52', '2016-04-02 13:48:52', 2, 7),
(159, 'Oda Buckridge', 3537, 'http://lorempixel.com/640/480/?28360', 2, 'Et ab quod odio velit minus. Recusandae id eum tempora facere ut qui et quisquam.', 1, 'Perferendis maxime non voluptate omnis consequuntur distinctio. Unde provident repellat autem voluptate illum voluptate. Consequatur vitae quia adipisci repellat explicabo aut praesentium.', '2016-04-02 13:48:52', '2016-04-02 13:48:52', 2, 7),
(160, 'Mrs. Crystal Considine IV', 4487, 'http://lorempixel.com/640/480/?52917', 1, 'Sit recusandae et quia quo vero asperiores animi. Magni porro quaerat consequuntur est quis itaque labore. Sit corporis voluptatem aliquam provident. Quas deserunt quia voluptatibus qui.', 1, 'Quis beatae non tempora harum repellendus consequatur velit. Velit enim neque corrupti assumenda reiciendis culpa. Quia deserunt provident ut sunt iusto. Sed eos voluptatibus id.', '2016-04-02 13:48:52', '2016-04-02 13:48:52', 2, 7),
(161, 'Mr. Coy Huels', 5560, 'http://lorempixel.com/640/480/?91043', 4, 'Molestiae sit dolore maiores ea et. Facilis quo neque quia quis sed quas.', 0, 'Ex qui repudiandae saepe omnis. Et nostrum consequatur cum animi est incidunt exercitationem velit. Quia maiores consequatur magnam neque nemo voluptas et.', '2016-04-02 13:48:52', '2016-04-02 13:48:52', 2, 8),
(162, 'Bettie Morar', 15091, 'http://lorempixel.com/640/480/?72470', 3, 'Sunt eveniet repellendus eveniet quis magnam. Dolores non ut vel et quod. Qui non eligendi nihil ratione pariatur quia. Architecto minus excepturi alias nisi nemo quia dicta.', 1, 'Impedit ut veniam excepturi saepe recusandae tenetur voluptatibus. Et itaque voluptatem natus nihil molestias distinctio. Quia quae rerum odit. Nostrum beatae quis dolorem et pariatur omnis et.', '2016-04-02 13:48:52', '2016-04-02 13:48:52', 2, 8),
(163, 'Prof. Della Kerluke Sr.', 18551, 'http://lorempixel.com/640/480/?69799', 3, 'Possimus in nostrum beatae aut aut aperiam consequatur. Repellendus numquam nihil debitis. Non consequatur aut laudantium dignissimos.', 1, 'Tenetur voluptatum molestiae facere in sunt dolore quasi. Earum architecto rerum non quia.', '2016-04-02 13:48:52', '2016-04-02 13:48:52', 2, 8),
(164, 'Mr. Easton Rosenbaum', 14304, 'http://lorempixel.com/640/480/?74825', 1, 'Ipsam qui in fugiat. Velit et et est blanditiis voluptas et quos. Magnam vel odio nam beatae dolorem. Enim sint possimus amet debitis quam eaque et.', 1, 'Ad ea commodi voluptas. Qui explicabo ratione aperiam assumenda nisi nulla et. Occaecati fugit necessitatibus quaerat qui ea non.', '2016-04-02 13:48:52', '2016-04-02 13:48:52', 2, 8),
(165, 'Liana McKenzie', 686, 'http://lorempixel.com/640/480/?35970', 3, 'Aut enim reprehenderit excepturi in aliquid magnam excepturi. Est fugit ut neque sit ut.', 0, 'Ad amet omnis itaque natus est velit temporibus. Beatae voluptate soluta enim dolor cupiditate. Unde excepturi ut saepe ullam neque. Ex minima earum magnam.', '2016-04-02 13:48:52', '2016-04-02 13:48:52', 2, 8),
(166, 'Chanel Carroll Jr.', 6742, 'http://lorempixel.com/640/480/?66111', 2, 'Culpa nesciunt vel veritatis. Tenetur sunt eum adipisci et. In consequatur architecto sunt aut asperiores qui.', 1, 'Mollitia asperiores quia quam repudiandae voluptatem quidem eveniet. Molestiae sit aspernatur omnis. Laboriosam rerum vero aut neque quia rem natus.', '2016-04-02 13:48:53', '2016-04-02 13:48:53', 2, 9),
(167, 'Liana Cormier', 10062, 'http://lorempixel.com/640/480/?87819', 1, 'Ut aut aut sapiente voluptatibus beatae sed. Explicabo voluptatem nihil dolore et. Sed reiciendis illo earum nisi ea porro aut. Veniam dolore eveniet commodi praesentium odit expedita eos.', 1, 'Magnam ullam placeat dolorem molestiae. Laboriosam fugit nesciunt maiores voluptatem non iste. Fugiat eveniet eos hic aliquid. Dolor molestias explicabo sapiente aut veritatis hic.', '2016-04-02 13:48:53', '2016-04-02 13:48:53', 2, 9),
(168, 'Gia Klocko V', 10363, 'http://lorempixel.com/640/480/?43977', 1, 'Libero sit iste dolore facilis architecto dolore fuga eum. Pariatur odio sunt et nostrum. Et necessitatibus dolores rerum. Non beatae voluptate quo aut.', 1, 'Beatae sunt officia ut molestiae repellat nisi. Doloribus temporibus magnam voluptatem rem. Est rerum et earum. Minima voluptas officia vero dolores.', '2016-04-02 13:48:53', '2016-04-02 13:48:53', 2, 9),
(169, 'Blair Kuhn V', 12112, 'http://lorempixel.com/640/480/?21770', 2, 'Voluptatem eos inventore sit veniam dolorem. Sint exercitationem rerum est.\nBeatae et necessitatibus est voluptas. Quos pariatur ea consectetur voluptate. Aliquid dicta enim itaque dolor.', 1, 'Laudantium adipisci facere expedita. Iure totam autem nihil laudantium. Ullam error nulla aut recusandae sit. Labore ea optio cumque et ducimus doloribus vel sed.', '2016-04-02 13:48:53', '2016-04-02 13:48:53', 2, 9),
(170, 'Brock Veum', 19671, 'http://lorempixel.com/640/480/?95026', 2, 'Nisi asperiores qui enim eius. Voluptas autem qui eos et et. Aliquid officia aut dignissimos temporibus ea sed ut.', 0, 'Molestiae voluptas suscipit sint nihil facere. Fugiat exercitationem non magnam qui ipsa saepe dicta. Expedita impedit aspernatur odit omnis sapiente cupiditate possimus.', '2016-04-02 13:48:53', '2016-04-02 13:48:53', 2, 9),
(171, 'Miss Maymie Lynch', 1817, 'http://lorempixel.com/640/480/?25967', 3, 'Nesciunt qui sapiente aperiam et nesciunt nemo facere commodi. Ab voluptatem quo aut laudantium praesentium.', 1, 'Vitae odit harum sit eos quas voluptates mollitia. Tenetur eos mollitia iste incidunt consequatur. Atque error dolores porro dolores. Perferendis in aliquam doloremque eligendi.', '2016-04-02 13:48:53', '2016-04-02 13:48:53', 2, 10),
(172, 'Samara Wolf', 3858, 'http://lorempixel.com/640/480/?46378', 4, 'In recusandae sequi quidem earum. Nesciunt inventore sit est modi odit. Facilis quod sit iure cumque. Enim eos in quo.', 0, 'Incidunt voluptate quaerat molestiae voluptas ut. Nihil asperiores voluptates minima dolores qui. Harum ea itaque placeat maiores. Ut maxime dolore qui assumenda atque laboriosam est fugit.', '2016-04-02 13:48:53', '2016-04-02 13:48:53', 2, 10),
(173, 'Kylee Upton DDS', 676, 'http://lorempixel.com/640/480/?43636', 1, 'Mollitia veniam excepturi sed a provident. Enim consectetur minus ad molestiae. Dolor ut quaerat quia ab cupiditate quae et et. Necessitatibus incidunt quo doloribus nihil.', 0, 'Voluptatem id qui in officiis. Ducimus a quia et illum. Quod nostrum saepe molestias a et. Reprehenderit sint vel consequatur numquam.', '2016-04-02 13:48:53', '2016-04-02 13:48:53', 2, 10),
(174, 'Ernest Funk', 9503, 'http://lorempixel.com/640/480/?19686', 1, 'Modi impedit quis eum harum sint adipisci veritatis. Laudantium nisi voluptates doloribus aut rem. Commodi optio voluptates molestias necessitatibus in facere accusamus.', 0, 'Illum qui laborum modi aliquid. Qui accusantium sit et sequi cupiditate eum ex. Aut quia eius rem error.\nIste inventore quo a tenetur dolores. Laboriosam eum quia ipsam.', '2016-04-02 13:48:53', '2016-04-02 13:48:53', 2, 10),
(175, 'Webster Hauck', 5739, 'http://lorempixel.com/640/480/?54627', 4, 'Consequatur et nihil possimus. Quasi aspernatur nostrum ad tempora fugit mollitia eius. Esse dolorem sint eos illo commodi. Earum ut sit quidem eveniet odio nemo.', 0, 'Qui laborum quis et aut culpa. Voluptatem unde maxime et ab voluptatum sunt. Totam officia et consequatur voluptatum.', '2016-04-02 13:48:53', '2016-04-02 13:48:53', 2, 10),
(176, 'Camryn Sauer', 3949, 'http://lorempixel.com/640/480/?81954', 3, 'Reiciendis at aut quidem architecto consequuntur laborum. Hic quae odio ea ad sed est. Asperiores non fuga ut asperiores ut molestias deleniti. Quibusdam nam ipsa sed sunt.', 1, 'Ab voluptatum et et eius est. Repudiandae exercitationem omnis voluptatem necessitatibus. Explicabo in quis autem inventore atque.', '2016-04-02 13:48:54', '2016-04-02 13:48:54', 2, 11),
(177, 'Mrs. Brittany McCullough', 2349, 'http://lorempixel.com/640/480/?29120', 1, 'Qui minima repellendus nulla nihil dicta. Qui sit eveniet sit dolores. Eum aperiam culpa dignissimos temporibus minima molestiae. Molestias vitae magnam sapiente commodi cupiditate sunt laudantium.', 1, 'Quia debitis est molestiae laudantium ipsum dignissimos atque in. Et accusamus fugit libero sit quia natus.', '2016-04-02 13:48:54', '2016-04-02 13:48:54', 2, 11),
(178, 'Shea Botsford Jr.', 9601, 'http://lorempixel.com/640/480/?68942', 2, 'Veritatis quia voluptatem est nulla tempora. Vel eligendi expedita iusto non culpa provident tenetur. Voluptas dolores est animi qui est voluptas.', 0, 'Eaque qui et laboriosam hic reprehenderit. Nemo ipsa dolores fuga.', '2016-04-02 13:48:54', '2016-04-02 13:48:54', 2, 11),
(179, 'Dr. Jaycee Weissnat Jr.', 8157, 'http://lorempixel.com/640/480/?96079', 3, 'Dolor reiciendis dolor aliquam vero enim. At voluptas ea distinctio qui ipsum eos. Aut et ipsam nobis repudiandae. Architecto sunt qui aut et eius sunt.', 1, 'Aut id deleniti repellat. Maxime aperiam magni exercitationem nisi animi non. Nam error odit accusamus harum aut enim. Suscipit consequatur quis provident dolorem et aut.', '2016-04-02 13:48:54', '2016-04-02 13:48:54', 2, 11),
(180, 'Scottie Fisher', 4335, 'http://lorempixel.com/640/480/?94122', 3, 'Sed eos et non quia ea quia a qui. Dolorem rerum veniam voluptatem facere velit qui. Vel dolorem nihil beatae atque ut. Ratione unde voluptas nemo voluptatibus aut.', 0, 'Aut exercitationem voluptate nesciunt. Quo laborum dolorum animi reprehenderit aperiam ratione. Iste eos incidunt est voluptatem est molestias maiores modi.', '2016-04-02 13:48:54', '2016-04-02 13:48:54', 2, 11),
(181, 'Dr. Friedrich Schuppe', 7148, 'http://lorempixel.com/640/480/?91027', 1, 'Quo saepe aperiam magnam et mollitia non. Voluptatum qui magni eos dignissimos. Et est quasi quaerat sit.', 0, 'Quo in et fugit sunt. Libero omnis quos cumque voluptatem eius magnam. Pariatur est illum voluptas et qui soluta odit explicabo.', '2016-04-02 13:48:54', '2016-04-02 13:48:54', 2, 12),
(182, 'Elouise Muller DVM', 16903, 'http://lorempixel.com/640/480/?83801', 4, 'Ullam minima ut deleniti aut qui. Nam eveniet blanditiis ipsa vel repellendus quo. Et beatae harum cum.', 1, 'Sit dolores soluta necessitatibus aut molestiae consequatur. Sapiente ad facere praesentium eveniet.', '2016-04-02 13:48:54', '2016-04-02 13:48:54', 2, 12),
(183, 'Edward Weber', 5827, 'http://lorempixel.com/640/480/?23857', 2, 'Voluptatem minima dolores ad. Animi rem et assumenda quo et.', 1, 'Eius quas tempore itaque ut. Ratione ut ea et. Et numquam reiciendis quas sapiente. Tenetur dolorem soluta autem maiores veritatis deleniti et.', '2016-04-02 13:48:54', '2016-04-02 13:48:54', 2, 12),
(184, 'Ms. Robyn Mayert I', 5396, 'http://lorempixel.com/640/480/?22338', 4, 'Rem voluptatem dolorem necessitatibus qui adipisci ab. Molestiae consequuntur sit quo voluptas officiis. Quam est rerum error debitis.', 1, 'Dolorem sapiente provident est. Quo expedita quod voluptates laborum doloremque. Adipisci dolor nihil non ipsa pariatur sit debitis. Sint odio natus corrupti quisquam exercitationem omnis.', '2016-04-02 13:48:54', '2016-04-02 13:48:54', 2, 12),
(185, 'Enid Gaylord', 541, 'http://lorempixel.com/640/480/?51196', 4, 'Et inventore qui molestiae veritatis. Quae itaque voluptatem quo illum doloremque. Voluptates magnam ullam molestias numquam fugit. Eligendi suscipit eos est quia quasi.', 1, 'Nihil impedit ducimus sit vel ut nihil. In delectus optio officiis accusantium nobis vero facere nam. Amet voluptas libero id. Ratione cupiditate nihil voluptate vel consectetur consequatur deserunt.', '2016-04-02 13:48:54', '2016-04-02 13:48:54', 2, 12),
(186, 'Mr. Gilberto Beer', 2586, 'http://lorempixel.com/640/480/?24933', 1, 'Magnam ut deserunt maxime cumque ratione mollitia sequi eveniet. Asperiores tempora quia aut impedit. Minus voluptatem enim aperiam dolor earum. Repellat quod sunt quidem nulla nihil.', 1, 'Ut itaque explicabo molestiae quaerat. Est non rerum autem quisquam et quod. Sed culpa commodi voluptatibus.', '2016-04-02 13:48:54', '2016-04-02 13:48:54', 2, 13),
(187, 'Valerie Turcotte', 8754, 'http://lorempixel.com/640/480/?88335', 4, 'Et libero omnis sed iusto blanditiis sit. Delectus nisi inventore error. Illo deleniti eos sunt voluptas maiores dolorem. Consequuntur laborum autem illum et.', 0, 'Voluptatem facilis dicta placeat accusamus veniam amet. Consequuntur quas nesciunt aut ipsam voluptatem quae. Maiores non repudiandae nesciunt qui sequi. Nisi suscipit cum est eos eligendi est non.', '2016-04-02 13:48:54', '2016-04-02 13:48:54', 2, 13),
(188, 'Elyssa Schmidt', 14044, 'http://lorempixel.com/640/480/?75065', 1, 'Rerum expedita vero rerum. Consequuntur itaque sit cum non voluptas. Debitis quis consequatur sed occaecati aut nemo eos. Qui et velit voluptas esse omnis enim.', 1, 'Adipisci at eveniet neque ut id porro enim. Ipsam accusamus sunt ipsa id quis. Temporibus hic similique maiores dignissimos sed.', '2016-04-02 13:48:54', '2016-04-02 13:48:54', 2, 13),
(189, 'Enrique McKenzie', 16119, 'http://lorempixel.com/640/480/?39332', 2, 'Blanditiis officiis minima est eius recusandae. Aut cumque et quia maiores sit ea. Excepturi voluptatum illum aliquam sunt aut. Asperiores et quibusdam pariatur sunt officiis ducimus a qui.', 1, 'Placeat voluptatem porro sit quas. Est et hic quis temporibus fugiat.', '2016-04-02 13:48:54', '2016-04-02 13:48:54', 2, 13),
(190, 'Marjolaine Koch', 7647, 'http://lorempixel.com/640/480/?95538', 3, 'Sint placeat nihil beatae cumque. Repudiandae sint laudantium tempore. Nostrum sunt quaerat sed voluptate amet maiores qui.', 0, 'Commodi officiis ut iure vitae quidem. Praesentium ut placeat sed qui exercitationem sit illo. Magni autem cumque maiores dicta.', '2016-04-02 13:48:55', '2016-04-02 13:48:55', 2, 13),
(191, 'Dr. Carmel Veum', 17926, 'http://lorempixel.com/640/480/?73926', 4, 'Enim qui est sunt corporis quaerat voluptate provident. Id qui ducimus quae aspernatur.', 1, 'Pariatur et temporibus et et. Nobis praesentium molestiae enim. Illo dolorem dolorem et autem reiciendis. Corporis sint rerum deleniti omnis a ut.', '2016-04-02 13:48:55', '2016-04-02 13:48:55', 2, 14),
(192, 'Sigurd Kovacek', 3063, 'http://lorempixel.com/640/480/?36651', 3, 'Adipisci quia facilis non. Maxime modi aliquam veniam rem quis quia. Aperiam voluptates consequuntur nesciunt velit nisi voluptas.', 0, 'Dolorem maiores natus aut error ad quasi. Est magnam et quisquam qui esse odit adipisci. Sint sed amet iure et et et ab. Ipsum vitae vel dolorem commodi id facilis.', '2016-04-02 13:48:55', '2016-04-02 13:48:55', 2, 14),
(193, 'Mrs. Katrina Parisian PhD', 6851, 'http://lorempixel.com/640/480/?36189', 4, 'Quo non nam sit harum quas nulla ab. Aut est aut sed doloribus labore hic praesentium. Eum qui aut autem molestiae enim inventore.', 1, 'Commodi esse sit reprehenderit. Quibusdam optio odit aut aut. Voluptas omnis quod voluptas sit aut laborum quisquam.', '2016-04-02 13:48:55', '2016-04-02 13:48:55', 2, 14),
(194, 'Otilia Moore', 13248, 'http://lorempixel.com/640/480/?45841', 1, 'Quas molestiae alias qui ut aut excepturi quis. Ea eos sit qui voluptas officiis doloribus. Voluptatem suscipit excepturi voluptas perferendis cumque cum nesciunt.', 1, 'Nihil ab unde nemo qui. Maiores non rerum aliquid laborum. Earum sapiente ducimus autem. Voluptatum illo vel vero et veritatis.', '2016-04-02 13:48:55', '2016-04-02 13:48:55', 2, 14),
(195, 'Liliane Sanford', 19338, 'http://lorempixel.com/640/480/?99095', 1, 'Quas libero et hic cupiditate eum aut repellat cumque. Sed eum ut nemo debitis. Et vel deleniti placeat impedit eaque in. Rem accusantium inventore et sunt.', 0, 'Quidem aspernatur aperiam fugit unde. Cumque molestias voluptatum sunt pariatur fugit modi omnis. Qui occaecati accusamus corrupti pariatur veniam reprehenderit libero.', '2016-04-02 13:48:55', '2016-04-02 13:48:55', 2, 14),
(196, 'Dr. Constantin Gleichner DVM', 4845, 'http://lorempixel.com/640/480/?12659', 1, 'Consequatur sapiente officia facilis magnam officiis eaque. Molestias nihil occaecati dignissimos ducimus eos qui vel.', 0, 'Tempore aut dolorem molestias voluptatibus esse nihil. Facilis minima ut modi enim quia aut. Ab eveniet quisquam autem. Ut impedit nisi quod sequi quisquam ullam.', '2016-04-02 13:48:55', '2016-04-02 13:48:55', 2, 15),
(197, 'Yadira Reinger', 3476, 'http://lorempixel.com/640/480/?63141', 3, 'Nisi perspiciatis dolores perferendis nobis ratione omnis magni. Voluptas quasi ullam enim nihil accusamus tempora. Distinctio et aut aut provident voluptate.', 0, 'Quis velit magni maxime voluptatem explicabo. Possimus in adipisci aliquid vero unde debitis ut sapiente. Autem tempore quos enim quidem. Omnis temporibus placeat inventore impedit rem repellendus.', '2016-04-02 13:48:55', '2016-04-02 13:48:55', 2, 15),
(198, 'Kirsten Rempel III', 10657, 'http://lorempixel.com/640/480/?54965', 4, 'Ipsam qui quo eos ut. Odit minus ea nihil et. Adipisci repellat rerum repudiandae numquam.', 1, 'In aut cupiditate quibusdam ut. Reiciendis quia iure adipisci nihil aliquam pariatur. Rerum necessitatibus voluptatem minima eligendi.', '2016-04-02 13:48:55', '2016-04-02 13:48:55', 2, 15),
(199, 'Aleen Fisher', 16485, 'http://lorempixel.com/640/480/?22243', 4, 'Recusandae magni vel nobis labore enim vel. Autem corporis accusantium voluptatibus et. Mollitia aut qui quia modi ducimus cum dolor distinctio.', 1, 'Rerum consectetur sit qui natus perferendis consectetur sint assumenda. Natus nam voluptatem ea nihil temporibus. Molestiae rerum rerum hic est nam ullam nihil.', '2016-04-02 13:48:55', '2016-04-02 13:48:55', 2, 15),
(200, 'Marley Barton', 14700, 'http://lorempixel.com/640/480/?30685', 3, 'Velit amet est veniam deleniti asperiores sit eveniet. Laudantium voluptatum et porro at. Rerum soluta et minima qui blanditiis aliquam accusantium veniam. Molestiae est quaerat hic quo dolor porro.', 0, 'In distinctio qui repudiandae voluptatem. Voluptas qui libero ut similique neque voluptate alias necessitatibus. Unde velit esse sit sint ut quibusdam qui similique. Enim unde harum rerum.', '2016-04-02 13:48:55', '2016-04-02 13:48:55', 2, 15),
(201, 'Aidan Hessel', 3305, 'http://lorempixel.com/640/480/?54521', 2, 'Tenetur error nemo dolorum laboriosam nesciunt non sequi. Tempore illo vel omnis quia assumenda dolorem accusamus. Sed assumenda quia aut similique. Ea atque ducimus voluptas ex nisi.', 1, 'Autem accusamus ut esse cupiditate. Maiores et perferendis porro dolor eaque doloribus aperiam. Sed consequatur autem non nihil.', '2016-04-02 13:48:55', '2016-04-02 13:48:55', 2, 16),
(202, 'Citlalli Considine I', 19418, 'http://lorempixel.com/640/480/?97052', 3, 'Rerum eos et dolorem. Sint provident nesciunt harum vitae fugiat illo at. Et non at nulla recusandae excepturi nesciunt doloremque.', 0, 'Et aut eos dolore et corrupti eaque. Ratione earum eum sed qui. Blanditiis aspernatur odio quas nobis omnis eos repellat cumque.', '2016-04-02 13:48:56', '2016-04-02 13:48:56', 2, 16),
(203, 'Retha McKenzie', 15562, 'http://lorempixel.com/640/480/?21495', 2, 'Architecto qui nihil provident repellat at explicabo qui. Atque sed quia a velit ut odit est. Totam ut pariatur ea deserunt odit.', 1, 'Quisquam vitae cumque eaque. Distinctio eaque nam architecto. Iusto dicta omnis molestiae non cum quisquam assumenda repellat.', '2016-04-02 13:48:56', '2016-04-02 13:48:56', 2, 16),
(204, 'Prof. Isabel Botsford', 15662, 'http://lorempixel.com/640/480/?78791', 3, 'Aut ex ducimus quas placeat odio. Quo et nihil blanditiis minima doloremque et. Autem molestiae molestias nisi dolorem.', 0, 'Voluptas ducimus quia eveniet. Sint aut consequatur quasi et repellat odit. Et itaque corrupti quisquam nam.', '2016-04-02 13:48:56', '2016-04-02 13:48:56', 2, 16),
(205, 'Dorothy Schuppe', 8920, 'http://lorempixel.com/640/480/?83848', 2, 'Aut consequatur est ut non odio non dolorem. Neque ea laudantium repudiandae qui et. Repellendus dolor distinctio ducimus magni. Sed quae quis repellat iste quis.', 1, 'Molestias reprehenderit ullam consequatur molestias. Quo tempore eos nesciunt ducimus magni voluptatem id. Quasi alias vel rem maiores dicta asperiores consequuntur aut.', '2016-04-02 13:48:56', '2016-04-02 13:48:56', 2, 16),
(206, 'Mrs. Henriette Batz DDS', 5022, 'http://lorempixel.com/640/480/?99369', 1, 'Rerum reiciendis sed earum aliquid eos quis. Cumque et debitis asperiores velit qui similique animi. Ipsa repudiandae ipsum sit fuga.', 0, 'Sit eligendi debitis similique quisquam non reiciendis est eveniet. Sint in veniam fuga quibusdam. Quam non nemo consequatur facere.', '2016-04-02 13:48:56', '2016-04-02 13:48:56', 2, 17),
(207, 'Miss Etha Vandervort DVM', 18181, 'http://lorempixel.com/640/480/?54153', 3, 'In delectus et sed fugiat ipsa et. Quibusdam eos sunt rem quidem mollitia quisquam sit. Deleniti ut qui exercitationem sequi et.', 1, 'In aut eaque a praesentium. Id qui et iste corporis eveniet maxime dolor. Repudiandae facilis et aspernatur dolore harum.', '2016-04-02 13:48:56', '2016-04-02 13:48:56', 2, 17),
(208, 'Marcella Eichmann Jr.', 14084, 'http://lorempixel.com/640/480/?46203', 1, 'Consequatur enim ab ab illum. Qui modi atque qui aut dignissimos molestias veritatis. Et quis repellat et sed sit architecto aspernatur. Dignissimos maiores voluptas aut sint quae architecto.', 1, 'Inventore molestiae est amet sunt quod quaerat rerum. Esse iste facilis atque eum ut qui. Quia fugiat nihil dolore cupiditate. Et autem iste laboriosam tempora.', '2016-04-02 13:48:56', '2016-04-02 13:48:56', 2, 17),
(209, 'Prof. Dashawn Jakubowski', 14416, 'http://lorempixel.com/640/480/?43802', 4, 'Sit illum minus explicabo quod aliquid vitae. Vero officiis recusandae voluptatem reprehenderit. Possimus quia non inventore aut sed unde.', 1, 'Totam asperiores delectus voluptas pariatur ex consequatur. Quod numquam veniam sint rerum. A quo ut rerum iure neque quos.', '2016-04-02 13:48:56', '2016-04-02 13:48:56', 2, 17),
(210, 'Fiona Satterfield IV', 4960, 'http://lorempixel.com/640/480/?14921', 3, 'Quasi excepturi voluptas eum. Voluptatem inventore illo blanditiis numquam. Debitis laborum et ad minus.', 0, 'Aspernatur sit est explicabo qui. Omnis ab recusandae quae qui nulla. Illo inventore sed incidunt libero dicta autem.', '2016-04-02 13:48:56', '2016-04-02 13:48:56', 2, 17),
(211, 'Kenton Metz', 2275, 'http://lorempixel.com/640/480/?99028', 3, 'Dolore adipisci recusandae vero et. Architecto voluptate qui officia architecto quas. Debitis cumque reiciendis eos doloremque. Quisquam quis blanditiis ipsa sequi qui ipsa expedita voluptatem.', 1, 'Eum delectus quo rem recusandae facere unde autem. Quas neque modi facilis omnis. Vel doloremque asperiores dolores quia.', '2016-04-02 13:48:56', '2016-04-02 13:48:56', 2, 18),
(212, 'Aileen Hoeger', 12435, 'http://lorempixel.com/640/480/?49015', 2, 'Et voluptatem magnam reiciendis consectetur ipsum. Blanditiis consequatur molestiae assumenda corrupti repellat. Ut doloremque itaque vero sunt at explicabo. Id laudantium ea eius cumque.', 0, 'Praesentium alias quia dicta saepe amet iste ducimus. Non veritatis nulla voluptatem explicabo dolores aspernatur quaerat dolores.', '2016-04-02 13:48:56', '2016-04-02 13:48:56', 2, 18),
(213, 'Athena Cronin', 11926, 'http://lorempixel.com/640/480/?83279', 4, 'Maxime qui qui officiis porro. At explicabo molestiae error est. Nostrum earum illum veniam tempore velit. Tempora rerum perspiciatis unde cum nobis nemo omnis.', 1, 'Corrupti dolor natus ut ipsa tenetur nam accusamus molestiae. Deleniti libero dicta ut veniam. Aperiam dolorem iure vero voluptatem laboriosam optio fugit. Et assumenda optio omnis nostrum et.', '2016-04-02 13:48:56', '2016-04-02 13:48:56', 2, 18),
(214, 'Kariane Mertz V', 19289, 'http://lorempixel.com/640/480/?55097', 2, 'Repudiandae aliquam quo fugit at. Nihil hic qui et beatae. Nesciunt eius nesciunt facilis quam sed officiis qui.', 1, 'Omnis vel autem nobis quaerat consequatur beatae consequatur. Labore totam asperiores consectetur eius sed. Rerum natus debitis rem et architecto sint. Ipsum eligendi harum tempora voluptatem.', '2016-04-02 13:48:56', '2016-04-02 13:48:56', 2, 18),
(215, 'Issac Prosacco', 14352, 'http://lorempixel.com/640/480/?74432', 4, 'Vero est eum rerum necessitatibus sapiente. Eaque ex dolores ipsum est quis. Aliquid quia voluptatem eos facere quisquam nulla ducimus.', 1, 'Molestias recusandae in omnis eaque. Ut consectetur porro neque asperiores amet unde officiis et.', '2016-04-02 13:48:56', '2016-04-02 13:48:56', 2, 18),
(216, 'Miss Myra Gleason I', 17839, 'http://lorempixel.com/640/480/?26676', 1, 'Porro aut repudiandae sed unde facilis. Veritatis cum pariatur dolores odio modi minima. Et nulla beatae impedit. Eveniet iure ea voluptas consequatur rem et autem.', 1, 'Officiis cupiditate explicabo sunt molestias deserunt. Nihil consequatur error incidunt nostrum. Optio qui in animi exercitationem. Accusantium ut laborum earum quo ut.', '2016-04-02 13:48:57', '2016-04-02 13:48:57', 2, 19),
(217, 'Adan Kihn', 4395, 'http://lorempixel.com/640/480/?16796', 4, 'Est eum delectus vel maxime. Magnam occaecati soluta libero asperiores voluptatum quis corrupti quia. Repellendus non quae blanditiis dolorem.', 1, 'Magni et nam accusantium tempora dolore placeat. Provident occaecati qui in dolorem qui aspernatur. Necessitatibus ipsam nihil eos corporis molestias.', '2016-04-02 13:48:57', '2016-04-02 13:48:57', 2, 19),
(218, 'Porter McKenzie', 6540, 'http://lorempixel.com/640/480/?23873', 2, 'Eius repellendus natus quidem est vitae. Praesentium rerum et quod doloremque exercitationem. Omnis laboriosam porro velit necessitatibus maiores. Temporibus quod quibusdam amet voluptatem.', 1, 'Iusto magni quo adipisci inventore explicabo. Occaecati architecto explicabo qui laboriosam facilis voluptas. Soluta quo ipsum et explicabo quos voluptatem.', '2016-04-02 13:48:57', '2016-04-02 13:48:57', 2, 19),
(219, 'Vanessa Cassin', 17600, 'http://lorempixel.com/640/480/?28920', 3, 'Repudiandae est libero nesciunt. Dolor quia et qui tempore atque nisi temporibus. Qui debitis consequatur et nemo beatae.', 0, 'Et et itaque architecto pariatur eveniet magni. Nam illum minus dolores maxime ducimus aperiam nobis. Nihil et culpa porro in architecto odit est. Ducimus sit omnis veniam natus dolorem.', '2016-04-02 13:48:57', '2016-04-02 13:48:57', 2, 19),
(220, 'Marlon Marquardt', 16109, 'http://lorempixel.com/640/480/?50656', 1, 'Fugiat rerum facilis rem assumenda et. Quae distinctio dolore rem et quo. Accusamus est numquam sit veniam autem aut.', 1, 'Sit aut sequi iusto velit veniam et vel. Perspiciatis a adipisci necessitatibus possimus. Inventore nisi incidunt sed perferendis enim sit. Culpa eligendi eos impedit enim ullam.', '2016-04-02 13:48:57', '2016-04-02 13:48:57', 2, 19),
(221, 'Evie Rolfson', 12054, 'http://lorempixel.com/640/480/?42250', 1, 'Non quia impedit eos minima maiores eaque. Sed aut dolor tempore ut. Molestiae dolorem nihil ut. Id omnis reprehenderit impedit atque enim dolor porro. Facilis molestias vero aspernatur minus.', 1, 'Aut autem et iusto. Vel nesciunt earum facere maxime deserunt. Nulla ea et officia. Tempore in aut voluptates consequatur rerum aut fugit.', '2016-04-02 13:48:57', '2016-04-02 13:48:57', 2, 20),
(222, 'Carolanne Hintz II', 2687, 'http://lorempixel.com/640/480/?93215', 2, 'Minima omnis reiciendis tempore ut. Vero suscipit molestias ut pariatur esse dicta eaque.', 1, 'Veniam praesentium doloribus nemo dignissimos. Voluptate fuga aut adipisci et dolore dolor. Eius quisquam qui error mollitia. Qui ut error qui.', '2016-04-02 13:48:57', '2016-04-02 13:48:57', 2, 20),
(223, 'Ms. Laura Kiehn', 6689, 'http://lorempixel.com/640/480/?89572', 3, 'In aspernatur veritatis saepe dolorem provident suscipit. Dolore architecto cumque non. Molestiae laboriosam repellat maiores odit veritatis sint nihil quo. Voluptate et voluptatum quasi quia.', 0, 'Ut sint maxime pariatur molestias facilis. Ut consectetur amet aut qui modi pariatur recusandae. Dolores aliquid ipsa omnis porro. Quia vitae dolorem repellat placeat nisi laborum.', '2016-04-02 13:48:57', '2016-04-02 13:48:57', 2, 20),
(224, 'Sydney Turner', 16060, 'http://lorempixel.com/640/480/?11474', 3, 'Adipisci occaecati molestias sit mollitia animi. Excepturi fuga iste assumenda nobis dolores. Harum explicabo nostrum qui sit molestiae.', 1, 'Aut quibusdam quia aut mollitia. Quis laboriosam tempore et est. Soluta et cum vitae recusandae ut.', '2016-04-02 13:48:57', '2016-04-02 13:48:57', 2, 20),
(225, 'Annamarie Beatty', 6331, 'http://lorempixel.com/640/480/?95706', 2, 'Deserunt voluptatibus illo autem aspernatur labore aliquid optio inventore. Nisi veniam quis dignissimos rerum. Voluptatem id temporibus eveniet. Velit necessitatibus vel incidunt sapiente inventore.', 1, 'Et fugit eum blanditiis animi. Recusandae nam quo ducimus sunt harum dolorum. Quasi in dolorum sed vel modi.', '2016-04-02 13:48:57', '2016-04-02 13:48:57', 2, 20),
(226, 'Geovanny Wisozk IV', 2127, 'http://lorempixel.com/640/480/?73177', 2, 'Earum voluptates sequi non neque alias. Debitis commodi asperiores omnis autem. Quam rerum hic tempora. Similique libero cumque vel maxime.', 1, 'Dolor vitae libero recusandae numquam eveniet. Consequatur suscipit aut inventore optio at sint. Voluptas molestiae ea occaecati et consequatur sit.', '2016-04-02 13:48:57', '2016-04-02 13:48:57', 2, 21),
(227, 'Ofelia Konopelski', 4945, 'http://lorempixel.com/640/480/?37384', 1, 'Tempore sit magnam sapiente similique ullam quaerat. In fuga ad quia laboriosam itaque voluptatum quae quam. Necessitatibus dolores atque in sint ut odit et.', 1, 'Dicta rerum illum veniam dolorem debitis. Dolorum porro voluptas est qui repellendus.', '2016-04-02 13:48:58', '2016-04-02 13:48:58', 2, 21),
(228, 'Michelle Williamson', 13610, 'http://lorempixel.com/640/480/?18665', 1, 'Laudantium ullam facere qui ullam. Aut sit quasi totam dignissimos repudiandae maiores sint et. Quisquam eum et et enim iste nulla.', 0, 'A est nulla eius provident assumenda. Id quia sit molestiae aperiam eligendi ipsa. Et vero maxime deserunt natus unde quo exercitationem in. Et maxime commodi voluptatem aperiam incidunt placeat.', '2016-04-02 13:48:58', '2016-04-02 13:48:58', 2, 21),
(229, 'Dr. Tevin Gleason Sr.', 6415, 'http://lorempixel.com/640/480/?56828', 3, 'Nihil reprehenderit qui sapiente reiciendis. Enim corrupti incidunt in ullam. Incidunt sit porro atque nihil illum.', 0, 'Debitis laborum ut dolor voluptatem nihil. Sunt recusandae dolorem quo. In excepturi qui qui veniam.', '2016-04-02 13:48:58', '2016-04-02 13:48:58', 2, 21),
(230, 'Rafaela Howe', 15480, 'http://lorempixel.com/640/480/?20548', 3, 'Dolores iure sunt est debitis. Saepe pariatur dignissimos commodi neque laudantium ut quo repellat.', 0, 'Error nisi et et quia harum. Ullam est facere unde et voluptates numquam molestiae. Nam ea veritatis a atque dolores fugit dicta. Distinctio itaque non ex omnis et molestiae.', '2016-04-02 13:48:58', '2016-04-02 13:48:58', 2, 21),
(231, 'Alva Lockman', 6960, 'http://lorempixel.com/640/480/?29017', 1, 'Doloremque reprehenderit inventore eum assumenda sint qui dolores ut. Sed cupiditate sunt exercitationem.', 1, 'Quia inventore reiciendis maiores ut. Nobis earum perferendis quaerat aliquid illum. Nisi est sit dolorem dolorum. Totam corrupti nihil similique praesentium.', '2016-04-02 13:48:58', '2016-04-02 13:48:58', 2, 22),
(232, 'Dudley Ryan', 216, 'http://lorempixel.com/640/480/?11253', 4, 'Earum dolorem qui voluptas placeat suscipit eveniet. Omnis quod commodi placeat placeat debitis.', 0, 'Rerum iusto nihil facilis laborum a. Provident quia omnis sit.\nEsse corrupti repellat vel hic consequuntur. Dolores dolorem aliquid est in culpa.', '2016-04-02 13:48:58', '2016-04-02 13:48:58', 2, 22);
INSERT INTO `food_items` (`id`, `name`, `price`, `image`, `person_count`, `ingredients`, `is_special`, `description`, `created_at`, `updated_at`, `restaurant_id`, `category_id`) VALUES
(233, 'Mr. Richie Sawayn', 11967, 'http://lorempixel.com/640/480/?13455', 1, 'Omnis et quis nemo incidunt. Distinctio exercitationem quaerat iste nihil est tempora. Quaerat sit libero eligendi id suscipit.', 0, 'Porro consectetur tenetur expedita. Quisquam debitis odit veritatis. Animi aperiam quidem vel aut molestiae quibusdam quia illo. Iste reiciendis necessitatibus veniam vel non delectus blanditiis.', '2016-04-02 13:48:58', '2016-04-02 13:48:58', 2, 22),
(234, 'Geraldine Jacobi', 984, 'http://lorempixel.com/640/480/?93796', 2, 'Mollitia beatae blanditiis reiciendis ipsum commodi. Autem ut harum voluptatem nihil et qui. Eveniet nobis excepturi omnis quod placeat. Similique tenetur quisquam ut eum.', 0, 'Libero temporibus maiores neque cumque. Impedit aut cum amet illum voluptas quis cumque. Dolor quasi deleniti nihil saepe dignissimos ea.', '2016-04-02 13:48:58', '2016-04-02 13:48:58', 2, 22),
(235, 'Lorine Turcotte', 10169, 'http://lorempixel.com/640/480/?77593', 2, 'Laudantium et eos aspernatur ad perferendis. Expedita reiciendis et placeat fugit distinctio. Repellat aut facilis ipsum sit explicabo quibusdam id.', 1, 'Quia illum aperiam doloremque omnis. Vero numquam et odit in eum et. Sit maxime velit id est ea. Debitis aut suscipit unde quisquam aut et corrupti.', '2016-04-02 13:48:58', '2016-04-02 13:48:58', 2, 22),
(236, 'Shirley Kerluke', 4856, 'http://lorempixel.com/640/480/?23107', 1, 'Omnis eos sit perferendis recusandae. Ut enim ut repellat quae distinctio.', 0, 'Ad iure ut necessitatibus odio. Ut nihil nisi cum iure aliquam voluptatum asperiores vel. Sunt nulla et quaerat inventore sapiente eligendi occaecati. Exercitationem asperiores placeat et ipsa.', '2016-04-02 13:48:58', '2016-04-02 13:48:58', 2, 23),
(237, 'Javier Littel', 13240, 'http://lorempixel.com/640/480/?32206', 4, 'Ipsum sint nam ut ut. Sequi ut quia ea cupiditate ut ea. Sunt nihil molestiae voluptatem iste consequuntur nam. Et nihil suscipit excepturi at soluta minus.', 1, 'Et veniam nisi eos dolore. Sed odit cum enim natus.\nQuisquam ullam ut dicta sed numquam minima id. Facilis minima repudiandae delectus occaecati nulla consequatur. Veniam sit est ipsa odio fugiat.', '2016-04-02 13:48:58', '2016-04-02 13:48:58', 2, 23),
(238, 'Aracely Quitzon', 19094, 'http://lorempixel.com/640/480/?34312', 1, 'Ut suscipit cumque minima praesentium quo magnam est. Nostrum dolores qui assumenda error quaerat. Eum doloribus ea deleniti rem.', 1, 'Magnam temporibus non perferendis unde dolore cumque. Autem quia quod occaecati aut quam. Illum alias qui quos et. Ut enim labore dolores mollitia.', '2016-04-02 13:48:58', '2016-04-02 13:48:58', 2, 23),
(239, 'Brycen Fadel', 5763, 'http://lorempixel.com/640/480/?71059', 1, 'Dolores consequatur aut error sit sunt voluptas. Consequatur commodi et qui recusandae sit asperiores illo.', 1, 'Quo non perferendis id. Rerum similique a et. Et accusamus rem qui iste. Fuga ea aliquid odio optio dignissimos enim doloribus nemo.', '2016-04-02 13:48:58', '2016-04-02 13:48:58', 2, 23),
(240, 'Orlo Willms', 9270, 'http://lorempixel.com/640/480/?58190', 3, 'Ut saepe odit velit et fugiat provident neque. Assumenda et suscipit minima et nam non. Quo atque sed nihil veniam quaerat aut voluptas.', 0, 'Voluptatem tempore tempora suscipit cumque explicabo ut ratione. Et quae dolores quia quos assumenda nisi eaque. Quo illum ut molestiae dolores eius quaerat.', '2016-04-02 13:48:58', '2016-04-02 13:48:58', 2, 23),
(241, 'Markus McLaughlin', 18452, 'http://lorempixel.com/640/480/?60166', 3, 'Eos quidem aut ad tempore commodi. Quia maiores sed quaerat et voluptas nam ipsum. Ut magnam sunt modi et libero. Vel eaque fuga aut voluptate ab.', 1, 'Quia maiores et consequuntur. Aut dolorum et ducimus commodi esse.', '2016-04-02 13:48:58', '2016-04-02 13:48:58', 2, 24),
(242, 'Miss Madisyn Dicki', 8236, 'http://lorempixel.com/640/480/?10739', 3, 'Aut laudantium explicabo ratione vitae ducimus aut. Dolorem ut eum harum. Quas aut quae quae porro ut.', 1, 'Pariatur occaecati cumque quasi totam deleniti recusandae omnis recusandae. Eum perferendis minima quas officia aut laudantium. Quasi voluptatem neque ducimus.', '2016-04-02 13:48:58', '2016-04-02 13:48:58', 2, 24),
(243, 'Deangelo Lesch Sr.', 9289, 'http://lorempixel.com/640/480/?24935', 3, 'Dolorem esse enim aut ut odit non. Quam autem quidem id. Sed cupiditate dolorum quaerat soluta est ullam quis. Qui accusamus qui ab dolor magnam.', 1, 'Debitis adipisci nihil quia cumque quod voluptatem. Eaque sint maiores totam debitis. Qui ullam sed nulla amet.\nEsse ullam aut autem quia vel. Adipisci enim esse rerum blanditiis.', '2016-04-02 13:48:59', '2016-04-02 13:48:59', 2, 24),
(244, 'Jedidiah Kerluke', 18726, 'http://lorempixel.com/640/480/?39496', 4, 'Natus alias voluptas expedita accusantium at. Officia necessitatibus voluptas aut fugiat dolores possimus. Tempore dolorem ut dolorum eius.', 1, 'A et eveniet fugit inventore. Quam corporis ut fugit ut eveniet impedit. Fugiat dolor dolores voluptatem sequi.', '2016-04-02 13:48:59', '2016-04-02 13:48:59', 2, 24),
(245, 'Isabella Hirthe', 4548, 'http://lorempixel.com/640/480/?51530', 3, 'Fugit et ipsum eos ab ut. Aperiam architecto repudiandae pariatur deleniti.', 0, 'Sint fuga aperiam nostrum. Neque adipisci dolores tenetur veniam eius. Fugit consequatur delectus sunt quidem atque harum.', '2016-04-02 13:48:59', '2016-04-02 13:48:59', 2, 24),
(246, 'Adrain Pouros', 390, 'http://lorempixel.com/640/480/?46918', 2, 'Non natus a adipisci officia. Earum est id eos distinctio. Sint repellendus aut voluptatem ut iure et incidunt voluptatem. Et ad quia doloremque aspernatur fugiat quo.', 1, 'Sed aut perferendis sit quasi beatae. Quos porro harum dolor culpa. Voluptatem fugiat voluptas ab cum eum. Rerum quos voluptatem repellendus dolore.', '2016-04-02 13:48:59', '2016-04-02 13:48:59', 2, 25),
(247, 'David Doyle', 17900, 'http://lorempixel.com/640/480/?98727', 2, 'Nobis eos explicabo enim quo consequatur est nemo. Voluptatem quidem repudiandae ad nesciunt et optio.', 0, 'Consequatur quia quod quia numquam doloribus nobis autem autem. Dicta natus sit suscipit.', '2016-04-02 13:48:59', '2016-04-02 13:48:59', 2, 25),
(248, 'Turner Mayer', 11200, 'http://lorempixel.com/640/480/?57510', 2, 'Eum consequuntur ea impedit et aut aut. Ut architecto est aut perspiciatis aperiam omnis. Necessitatibus et non impedit dicta fugit. Vel iste rerum quibusdam error.', 0, 'Nihil quasi voluptatum aut sunt tenetur quam consequatur. Nobis natus et tempora perferendis voluptatem vero. Tenetur suscipit nihil nesciunt eligendi.', '2016-04-02 13:48:59', '2016-04-02 13:48:59', 2, 25),
(249, 'Johanna Kemmer', 19926, 'http://lorempixel.com/640/480/?37545', 1, 'Velit suscipit quia eos magnam. Doloremque vel iure iste sapiente error nisi labore. Molestiae commodi consequatur sint quas expedita. Nisi doloribus inventore eos vel quaerat.', 0, 'Ut eligendi aut eos consectetur quo nobis eos. Est minima est assumenda in est facere ut. Enim nesciunt sunt excepturi mollitia ea itaque.', '2016-04-02 13:48:59', '2016-04-02 13:48:59', 2, 25),
(250, 'Fermin Swift', 16542, 'http://lorempixel.com/640/480/?63209', 3, 'Recusandae voluptatem laborum deserunt ut facere qui. Aut ut omnis dolor delectus totam repudiandae animi et. Odit ut consequatur eveniet autem quisquam.', 0, 'Eos at odit maxime enim quis voluptas itaque. Autem est a nostrum. Quasi id quo qui ut voluptatem reiciendis qui odio. Nostrum sed reprehenderit consequatur sint cumque quasi tenetur.', '2016-04-02 13:48:59', '2016-04-02 13:48:59', 2, 25),
(251, 'Josefina Feil', 953, 'http://lorempixel.com/640/480/?97854', 2, 'Natus qui dolorem deserunt quia placeat rerum nulla nulla. A dolor est exercitationem aut. Ut ut quia fuga dolor vel similique veritatis quibusdam. Et repudiandae et earum.', 1, 'Quia est quod sit aliquid odio. Maiores ut labore sapiente totam atque. Suscipit nemo et id eveniet.', '2016-04-02 13:48:59', '2016-04-02 13:48:59', 3, 1),
(252, 'Brianne Barrows', 602, 'http://lorempixel.com/640/480/?95956', 1, 'Vero et in exercitationem quisquam enim. Sed earum molestias facilis.', 0, 'Consequatur cumque et rerum dolor ut autem exercitationem id. Incidunt aperiam cupiditate qui incidunt est sit.', '2016-04-02 13:48:59', '2016-04-02 13:48:59', 3, 1),
(253, 'Dr. Julius Weissnat DVM', 1525, 'http://lorempixel.com/640/480/?67101', 3, 'Non modi ratione aut non ea nobis. Nihil quia quae ut. Soluta dolorem earum voluptas consequatur adipisci consequatur.', 0, 'Harum dicta soluta aspernatur eveniet quidem iure. Aut qui sunt laudantium soluta aliquam dolores maxime. Delectus saepe voluptatem accusantium inventore asperiores.', '2016-04-02 13:48:59', '2016-04-02 13:48:59', 3, 1),
(254, 'Shany Kshlerin', 5005, 'http://lorempixel.com/640/480/?36684', 3, 'Quas et est nesciunt facilis. Vitae est cumque in et incidunt. Unde libero architecto minus alias.', 0, 'Cupiditate et laborum consequuntur ab. Non iure labore corrupti maiores incidunt at inventore. Numquam magnam repudiandae aliquid aliquid excepturi quod.', '2016-04-02 13:48:59', '2016-04-02 13:48:59', 3, 1),
(255, 'Hilma Schoen', 15347, 'http://lorempixel.com/640/480/?39128', 4, 'Quam delectus et quaerat rem quam. Incidunt enim occaecati similique dolor odit asperiores sed quia. Non quisquam qui laudantium eum.', 0, 'Consequatur doloribus aliquid aut sed voluptas et eum. Animi omnis dolorum perferendis nemo et. Veritatis sit nostrum tempora quia dolores debitis.', '2016-04-02 13:48:59', '2016-04-02 13:48:59', 3, 1),
(256, 'Jimmy Halvorson', 16917, 'http://lorempixel.com/640/480/?46768', 2, 'Minima fugit magni veritatis. Rerum sit assumenda porro vel fugiat unde earum illum. Voluptatem earum commodi ducimus dolorem. Est ipsum veritatis rerum ab et veniam.', 1, 'Voluptatem minima maiores tempore aut. Rerum omnis et similique a corporis architecto. Ut amet reiciendis et ipsam nulla quia.', '2016-04-02 13:48:59', '2016-04-02 13:48:59', 3, 2),
(257, 'Dr. Audrey Veum', 8866, 'http://lorempixel.com/640/480/?21839', 2, 'Perspiciatis enim ratione suscipit dolores natus quia. Accusantium et autem aperiam nisi.', 0, 'Facilis aperiam adipisci et aliquam quia. Reiciendis qui sint sapiente omnis perspiciatis atque. Sapiente quibusdam minus error velit. Quis praesentium libero cupiditate est officia quis.', '2016-04-02 13:48:59', '2016-04-02 13:48:59', 3, 2),
(258, 'Sigrid Dibbert', 6523, 'http://lorempixel.com/640/480/?92446', 1, 'Omnis officia quas minima sed dolorem omnis. Commodi et at error sunt eaque in. Culpa aspernatur dolorum amet pariatur consequatur.', 0, 'Nostrum magni itaque est quaerat quis architecto eveniet. Voluptatum perferendis ullam eaque quibusdam. Aut blanditiis qui consequatur fugiat.', '2016-04-02 13:48:59', '2016-04-02 13:48:59', 3, 2),
(259, 'Elbert Yundt', 19590, 'http://lorempixel.com/640/480/?24188', 1, 'Iure est sunt labore voluptatem. Quasi debitis quae eaque blanditiis et. Voluptates fuga ad debitis sit quas. Nemo minima neque minus nihil beatae sit quidem neque.', 0, 'Excepturi molestiae amet et. Consequatur sed esse odit perferendis. Molestiae non atque quo excepturi. Non eius error laboriosam asperiores in occaecati voluptate.', '2016-04-02 13:48:59', '2016-04-02 13:48:59', 3, 2),
(260, 'Mr. Garland Keebler', 18788, 'http://lorempixel.com/640/480/?18032', 4, 'Qui iure recusandae eum numquam aut ea. Dolore voluptatem voluptas labore aut. Perspiciatis nihil fugit quo id.', 1, 'Consequatur eligendi iure quam quia velit qui illo. Assumenda nisi dolores sint ut iure.', '2016-04-02 13:49:00', '2016-04-02 13:49:00', 3, 2),
(261, 'Dr. Hoyt Davis', 13587, 'http://lorempixel.com/640/480/?11093', 4, 'Quasi nulla quas ratione laudantium sint. In et eos recusandae nostrum accusantium pariatur. Non et doloremque eius et in assumenda. Dolor officiis minus ratione dolorum.', 1, 'Voluptatum et dolor vero beatae amet et dolore voluptatem. Aut omnis quae suscipit quas consequuntur.', '2016-04-02 13:49:00', '2016-04-02 13:49:00', 3, 3),
(262, 'Brendon Considine', 7604, 'http://lorempixel.com/640/480/?46532', 1, 'Beatae explicabo quisquam eius. Itaque ea quaerat sint totam. Ullam ratione commodi nostrum quod qui et earum ipsum.', 1, 'Eius rerum laboriosam deserunt velit sed impedit porro. Modi fuga ipsam voluptatum. Amet rerum assumenda ut natus laudantium voluptatem architecto.', '2016-04-02 13:49:00', '2016-04-02 13:49:00', 3, 3),
(263, 'Prof. Noe Lehner PhD', 7639, 'http://lorempixel.com/640/480/?13614', 4, 'Ab ad consequatur cupiditate. Dolorum ipsum sit velit rerum placeat delectus delectus voluptas. Et qui et delectus doloribus. Et quisquam dolores eveniet sint sit. Rerum accusamus quaerat dolor esse.', 1, 'Consectetur ut nobis iusto autem nobis quia pariatur quis. Vel magni assumenda accusamus. Id quam sed deserunt. Dolorum magni expedita vero dolorem voluptas suscipit doloribus.', '2016-04-02 13:49:00', '2016-04-02 13:49:00', 3, 3),
(264, 'Donato Hodkiewicz', 7392, 'http://lorempixel.com/640/480/?47421', 3, 'Fugit voluptates quaerat velit voluptatem. Quas voluptatem eius quisquam qui quis libero. Dolorem amet aut vero modi possimus voluptatem.', 0, 'Sed aliquid quas at laudantium. Temporibus dicta est autem rem officiis dolor. Repellendus omnis aspernatur tenetur et eum. Iste nesciunt architecto dolorem quam dignissimos esse.', '2016-04-02 13:49:00', '2016-04-02 13:49:00', 3, 3),
(265, 'Lisette Monahan', 6064, 'http://lorempixel.com/640/480/?54491', 4, 'Odio aliquam est commodi praesentium. Error adipisci sit sapiente aspernatur.\nAmet velit nulla qui unde nihil. Placeat exercitationem est quidem laudantium minus perspiciatis.', 1, 'Quo maiores omnis accusantium voluptate. Rerum voluptatibus necessitatibus eligendi quidem.', '2016-04-02 13:49:00', '2016-04-02 13:49:00', 3, 3),
(266, 'Samanta Harber', 3573, 'http://lorempixel.com/640/480/?75099', 3, 'Error assumenda ipsa ad ut. Natus similique suscipit tenetur officiis dicta quas eum.', 1, 'Et rem dolorem repellendus autem est. Voluptate rerum repudiandae sed qui soluta velit. Molestiae quis excepturi quibusdam excepturi omnis cum.', '2016-04-02 13:49:00', '2016-04-02 13:49:00', 3, 4),
(267, 'Theresa Maggio', 18661, 'http://lorempixel.com/640/480/?88959', 4, 'Vel qui fugiat qui et est. Ipsam ratione aut quibusdam cum sit ut. Est exercitationem sequi tempora quis. Pariatur unde officia rerum.', 1, 'Qui soluta tempora sint sed alias possimus. Nam facilis autem illo assumenda quibusdam. Cupiditate rem consequatur facere eaque. Excepturi sed in aut nostrum dolor voluptate et eaque.', '2016-04-02 13:49:00', '2016-04-02 13:49:00', 3, 4),
(268, 'Zelda Watsica', 13170, 'http://lorempixel.com/640/480/?71771', 4, 'Voluptate recusandae quia quisquam voluptas est autem. Autem aut tenetur hic praesentium et totam. Unde consequatur consectetur quis consectetur dolores est placeat.', 1, 'Magni ducimus a neque neque hic. Et debitis saepe numquam autem. Sit repellendus delectus in totam. Amet est fuga qui non nihil veritatis.', '2016-04-02 13:49:00', '2016-04-02 13:49:00', 3, 4),
(269, 'Dr. Billy Ledner', 17715, 'http://lorempixel.com/640/480/?30956', 4, 'Et tempore corporis ut molestiae non ut. Quis qui quis rem suscipit cum dicta. Voluptatem architecto praesentium fuga doloremque nisi animi facilis.', 0, 'Mollitia officiis iste laboriosam dolor voluptas. Iusto eos sint fugiat magni. Qui ex at omnis aut quidem ex. Accusamus illo mollitia quaerat beatae reiciendis sunt.', '2016-04-02 13:49:00', '2016-04-02 13:49:00', 3, 4),
(270, 'Lempi Murphy', 17990, 'http://lorempixel.com/640/480/?54941', 4, 'Delectus blanditiis repudiandae quae quisquam sunt et. Veritatis incidunt deleniti praesentium est et.', 0, 'Rem eos est dolorem voluptas. Sint eum tempora et. Tempora quibusdam repudiandae odit ad non illum nam. Iusto quia dolor deserunt non.', '2016-04-02 13:49:00', '2016-04-02 13:49:00', 3, 4),
(271, 'Jerod Hayes', 11371, 'http://lorempixel.com/640/480/?55526', 2, 'Voluptas enim non perferendis praesentium molestias iure et. Repellat dolorem magni sed adipisci non. Modi neque eos temporibus culpa ipsam harum.', 1, 'Et aut in magni iure eos velit. Iure molestias aut qui voluptas dolor. Sunt deserunt ipsa ipsam earum fuga sequi qui et. Sint debitis incidunt suscipit voluptas et.', '2016-04-02 13:49:00', '2016-04-02 13:49:00', 3, 5),
(272, 'Orval Renner', 12188, 'http://lorempixel.com/640/480/?91940', 2, 'Aliquam sed eum corporis consequatur voluptas et. Sit eos dicta dolorum quia ducimus voluptatem qui. Dolores id ipsum minus veniam eum et.', 0, 'Voluptas et ex et eveniet ut rerum. Ab et consequatur exercitationem sint. Et laudantium quia necessitatibus autem.', '2016-04-02 13:49:00', '2016-04-02 13:49:00', 3, 5),
(273, 'Sherman Hansen', 7458, 'http://lorempixel.com/640/480/?75392', 2, 'Tenetur vel fugit sed harum saepe tenetur assumenda. Optio sint quaerat in quaerat. Odit ad reprehenderit libero alias neque aut iste.', 1, 'Omnis ut fuga consequatur porro odio. Eos iusto nihil ad. Quia sequi perferendis nam ipsa repudiandae consequatur velit. Velit facilis illum odio quidem saepe atque.', '2016-04-02 13:49:00', '2016-04-02 13:49:00', 3, 5),
(274, 'Maximillia Wolff', 9052, 'http://lorempixel.com/640/480/?66444', 3, 'Minima ut vel possimus aperiam. Atque expedita harum qui maiores. Qui vel harum odio doloremque quia reprehenderit. Porro nobis aut labore sed et maxime.', 1, 'Inventore odio nesciunt suscipit hic odio animi omnis sit. In illo et aut cupiditate error. Odio at nihil molestias.', '2016-04-02 13:49:00', '2016-04-02 13:49:00', 3, 5),
(275, 'Reba Roob I', 16050, 'http://lorempixel.com/640/480/?62310', 3, 'Blanditiis tempore similique inventore vitae aut aut. Porro sunt aspernatur impedit quos saepe veritatis est. Neque molestiae est autem eaque facilis ab vero. Qui eos eius ut numquam soluta quae ab.', 1, 'Quia assumenda dolores autem ut harum aut ipsa. Provident repellat et fugit non. Incidunt aliquid rerum rerum.\nIllo nesciunt eos eos sed. Dolores sed ut quos quia. Aut nisi nam iusto.', '2016-04-02 13:49:00', '2016-04-02 13:49:00', 3, 5),
(276, 'Bryon Rippin', 9165, 'http://lorempixel.com/640/480/?50536', 3, 'Fugit est voluptatum amet est cum quas. Laboriosam ut voluptate pariatur temporibus ipsum pariatur enim. Voluptas ea dolorem quis. In sit vitae quos sed.', 1, 'Quasi laborum debitis perferendis quisquam repudiandae perferendis reprehenderit molestiae. Minima non maiores cum voluptatibus ut. Ipsam ea sint quo non voluptatem voluptatibus.', '2016-04-02 13:49:00', '2016-04-02 13:49:00', 3, 6),
(277, 'Alexandra Klein', 11910, 'http://lorempixel.com/640/480/?23131', 4, 'Aut architecto vitae molestiae. Possimus consequatur et facere quis maxime. Quasi non dicta porro doloremque.', 1, 'Culpa repellendus modi enim pariatur molestias consequatur. Dolorem minus nihil aut alias. Autem occaecati similique molestias laboriosam et et velit.', '2016-04-02 13:49:00', '2016-04-02 13:49:00', 3, 6),
(278, 'Ms. Ebba Muller V', 11974, 'http://lorempixel.com/640/480/?35350', 3, 'Veritatis eligendi repudiandae non autem. Dicta illo est consequuntur ipsam expedita totam dolorum. Debitis rem quibusdam qui repellendus quaerat quia sunt atque.', 1, 'Sint in perferendis deleniti nihil omnis saepe optio deleniti. Non deserunt enim aperiam est fuga quaerat. Fugit a debitis sed voluptas doloremque.', '2016-04-02 13:49:00', '2016-04-02 13:49:00', 3, 6),
(279, 'Daniela Stanton DDS', 10227, 'http://lorempixel.com/640/480/?65694', 3, 'Enim molestias eaque quaerat veritatis distinctio vel. Veritatis et debitis dolor dolorem incidunt saepe amet. Explicabo tenetur aliquam sit repellat odio et. Maiores sit et in maiores.', 1, 'Et voluptatem quam tempora aut blanditiis. Occaecati cum nisi assumenda enim. Facere asperiores necessitatibus unde.', '2016-04-02 13:49:00', '2016-04-02 13:49:00', 3, 6),
(280, 'Rex Maggio', 17011, 'http://lorempixel.com/640/480/?15344', 2, 'Ut ut quasi porro fugit vel. Maiores recusandae consequatur laborum consequatur voluptatibus veniam rerum esse.', 1, 'Dignissimos dolorem pariatur in aut et reprehenderit. Placeat ut reprehenderit quae sed sunt dolorem. Corporis esse voluptatem nisi maiores. Autem vitae fugiat earum facilis hic officiis.', '2016-04-02 13:49:00', '2016-04-02 13:49:00', 3, 6),
(281, 'Meredith Gutkowski', 488, 'http://lorempixel.com/640/480/?99076', 1, 'Eos magnam non sunt impedit. Fugit sed est amet itaque. Dolorum minus voluptatem eos soluta. Dicta sit ullam unde mollitia quis voluptatem ut sed.', 1, 'Magnam facilis illo expedita. Ea ea vel suscipit incidunt dolores et. Quaerat aut voluptatem dolor aspernatur.\nIpsam distinctio eligendi et. Fugit omnis omnis voluptas aliquid eos explicabo natus.', '2016-04-02 13:49:00', '2016-04-02 13:49:00', 3, 7),
(282, 'Kitty Pouros', 7348, 'http://lorempixel.com/640/480/?91709', 3, 'Minus qui quidem et dolores et. Quod nesciunt facere et sunt. Ex eius nemo odit quis nihil voluptatem.', 1, 'Aliquid animi sed temporibus earum eos. Non voluptatum repellat deserunt eligendi quia necessitatibus. Maxime mollitia veritatis at sapiente voluptatum eius molestiae necessitatibus.', '2016-04-02 13:49:00', '2016-04-02 13:49:00', 3, 7),
(283, 'Kameron Cummings', 5356, 'http://lorempixel.com/640/480/?50547', 2, 'Officia ad quasi deleniti et voluptatem. Modi repudiandae a quasi ut. Voluptates et fugit veritatis maiores harum aut cupiditate.', 1, 'Deserunt eveniet qui labore recusandae aut consequatur. Ipsam provident qui maxime nulla deserunt. In officiis vel incidunt. Sunt doloribus dolores pariatur.', '2016-04-02 13:49:00', '2016-04-02 13:49:00', 3, 7),
(284, 'Mrs. Lottie Schultz PhD', 15853, 'http://lorempixel.com/640/480/?74292', 2, 'Et soluta corrupti qui sed excepturi sed perferendis. Tenetur dolor repellendus iure maiores. Rerum adipisci quo repellendus repellendus maxime.', 1, 'Vero sed ex animi labore vero incidunt. Eligendi tenetur aut ut voluptas natus at. Recusandae dolorum illo tempore aut unde odit.', '2016-04-02 13:49:00', '2016-04-02 13:49:00', 3, 7),
(285, 'Prof. Ryley Hane', 6604, 'http://lorempixel.com/640/480/?14269', 1, 'Sint dolor beatae ut eius. Neque voluptate id nam. Dignissimos illo est quisquam quod saepe minus enim sit. Illum qui atque officia fugit aut.', 1, 'Exercitationem aliquid non consequuntur et eveniet. Sit dolore cumque quis et rerum eum. Voluptatum culpa enim id ea praesentium.', '2016-04-02 13:49:01', '2016-04-02 13:49:01', 3, 7),
(286, 'Pamela Jast', 15780, 'http://lorempixel.com/640/480/?84696', 1, 'Quia deserunt veniam consequatur accusantium possimus ratione. Numquam harum aliquam animi accusamus temporibus fugit ut. Quia quis in qui quia officia. Sed pariatur ab error sequi.', 0, 'Iusto aut et et itaque. Dicta quod quo itaque ducimus dicta et. Modi eos id et magni. Suscipit et ut excepturi. Excepturi assumenda quo sed accusamus.', '2016-04-02 13:49:01', '2016-04-02 13:49:01', 3, 8),
(287, 'Hallie Howell MD', 2212, 'http://lorempixel.com/640/480/?39931', 2, 'Ea optio ut quos repellat. Unde tempore nam aut dolores quia provident. Et unde provident et laboriosam temporibus eligendi consequuntur. Culpa est vel et eos et repellat.', 1, 'Velit amet omnis facere et. Quia dolore molestias sunt ex facilis consectetur est. Dolores enim voluptatem rem numquam ut et.', '2016-04-02 13:49:01', '2016-04-02 13:49:01', 3, 8),
(288, 'Jadyn Nader', 1588, 'http://lorempixel.com/640/480/?47715', 4, 'Repudiandae ea cum odit sed sint qui. Veritatis magni non impedit quidem.', 1, 'Voluptatem earum veritatis quae consequatur corporis. Corporis numquam consequatur ut. In doloribus ad sapiente aliquam veritatis. Optio laboriosam aut nam dolores.', '2016-04-02 13:49:01', '2016-04-02 13:49:01', 3, 8),
(289, 'Elinor Boyer', 16031, 'http://lorempixel.com/640/480/?30647', 2, 'Voluptatem ipsam ea impedit optio eveniet. Molestiae suscipit quibusdam nemo quia fugiat aut. Molestias ea consectetur nihil quisquam. Dolorem non minus omnis totam dicta.', 1, 'Aut quia quia exercitationem eos sunt ipsa. Qui tenetur quam et itaque quod dolores. Iusto accusamus officia est ad dolor repellat sint.', '2016-04-02 13:49:01', '2016-04-02 13:49:01', 3, 8),
(290, 'Gunner Mosciski', 804, 'http://lorempixel.com/640/480/?68858', 1, 'Impedit possimus ab praesentium perferendis sit. Impedit officia placeat incidunt. Non et incidunt est officiis. Iusto magnam facere nesciunt quia nisi.', 0, 'Ex rerum quia tenetur ipsa. Ea mollitia asperiores aperiam a error quasi voluptatibus. Tempore vitae quam eligendi aut a aut laboriosam. Sapiente ea soluta animi dolorem iusto quia.', '2016-04-02 13:49:01', '2016-04-02 13:49:01', 3, 8),
(291, 'Lizeth Conroy', 10391, 'http://lorempixel.com/640/480/?63209', 2, 'Rerum officiis laborum optio quia non id. Pariatur cumque repellat quas rerum excepturi. Facere qui consectetur commodi veniam id est aut.', 0, 'Sunt aut et voluptas ipsum. Iste et facilis soluta qui. Itaque eum facere autem laboriosam. Iusto aut voluptate hic omnis cupiditate.', '2016-04-02 13:49:01', '2016-04-02 13:49:01', 3, 9),
(292, 'Carlos O''Hara IV', 5527, 'http://lorempixel.com/640/480/?17160', 2, 'Quas itaque libero officia eveniet. Vel ipsa nulla blanditiis cumque dolorem incidunt mollitia. Eius veritatis velit architecto debitis harum.', 1, 'Voluptatem facilis perferendis et cupiditate adipisci delectus necessitatibus. Architecto accusamus assumenda aut accusantium ut. Asperiores ab ut voluptatum debitis saepe tempora.', '2016-04-02 13:49:01', '2016-04-02 13:49:01', 3, 9),
(293, 'Josefa Daugherty', 9471, 'http://lorempixel.com/640/480/?96197', 1, 'A et ut at ut consequatur sit. In nobis hic cum voluptatem eum voluptatem eum dignissimos. Et voluptates odio quaerat. Quis dolorum officia expedita delectus distinctio dicta.', 1, 'Fugit est incidunt error placeat et id. Impedit sint rerum vero quisquam accusantium. Dolor non qui quis enim nam dolorum.', '2016-04-02 13:49:01', '2016-04-02 13:49:01', 3, 9),
(294, 'Mrs. Velma Tremblay II', 12479, 'http://lorempixel.com/640/480/?99257', 2, 'Nulla cum quis explicabo vero architecto sit maxime. Molestiae voluptatem consequatur quaerat nam.', 1, 'Quis est et occaecati deserunt ratione qui. Omnis aliquid ea quae. Modi porro dolores amet optio labore.', '2016-04-02 13:49:01', '2016-04-02 13:49:01', 3, 9),
(295, 'Merle Weimann', 7427, 'http://lorempixel.com/640/480/?23225', 3, 'Consequatur voluptatem placeat architecto unde repudiandae. Dolores fugit laboriosam sint nam qui et quaerat. Est in alias distinctio illum ut quasi dolores.', 0, 'Sunt quaerat molestias fugit neque officiis voluptatem. Natus in aspernatur ut perspiciatis quaerat quidem rem. Aut perferendis culpa dolor unde accusamus. Et id voluptatem distinctio.', '2016-04-02 13:49:01', '2016-04-02 13:49:01', 3, 9),
(296, 'Carol Aufderhar', 10979, 'http://lorempixel.com/640/480/?23591', 1, 'Architecto commodi est aut rem reprehenderit dicta. Esse alias ex sunt porro harum omnis. A repellendus et ducimus dolorem quos esse quo.', 1, 'Id doloribus adipisci sint itaque. Nemo et qui corrupti architecto quisquam perspiciatis suscipit. Quod vel quas doloremque optio expedita dolore et. Iusto ut ipsum culpa et voluptas suscipit et.', '2016-04-02 13:49:01', '2016-04-02 13:49:01', 3, 10),
(297, 'Dr. Patsy Donnelly IV', 19958, 'http://lorempixel.com/640/480/?11924', 2, 'At amet nesciunt voluptas hic dolor. Ad et aut quia facilis temporibus recusandae magnam.', 0, 'Explicabo ut omnis commodi eveniet occaecati quasi est. Quae ad earum et minima cum. Sapiente magni qui velit molestias. Aut voluptas itaque dolorem ut ut et vitae.', '2016-04-02 13:49:01', '2016-04-02 13:49:01', 3, 10),
(298, 'Verda Batz', 12783, 'http://lorempixel.com/640/480/?80653', 1, 'Non nulla molestias dignissimos ad. Laborum minima reiciendis mollitia sunt esse. Voluptatem eos voluptate rerum unde perspiciatis.', 0, 'Minima perferendis in voluptas. Illo voluptates libero error quibusdam accusantium assumenda.', '2016-04-02 13:49:01', '2016-04-02 13:49:01', 3, 10),
(299, 'Mathilde Lehner', 18949, 'http://lorempixel.com/640/480/?86068', 3, 'Perspiciatis sequi fuga consequatur aspernatur perspiciatis blanditiis iusto. Facere laboriosam suscipit assumenda voluptas sit illo. Corporis consequatur fuga atque.', 0, 'Voluptates harum aut ut quia. Sequi maxime minus non laboriosam. Amet quam deserunt ducimus quo aut ea distinctio.', '2016-04-02 13:49:01', '2016-04-02 13:49:01', 3, 10),
(300, 'Fannie Beatty', 10560, 'http://lorempixel.com/640/480/?16423', 3, 'Ipsa porro iure et ducimus atque corporis unde sequi. Deserunt nulla tempore magni eveniet necessitatibus.', 0, 'Qui voluptates aperiam nihil. Delectus cumque eligendi mollitia placeat. Consequuntur odit ducimus commodi est.', '2016-04-02 13:49:01', '2016-04-02 13:49:01', 3, 10),
(301, 'Constantin Oberbrunner PhD', 15257, 'http://lorempixel.com/640/480/?89833', 3, 'Quibusdam voluptatem id eum repellat suscipit eum. Dolorum voluptates nobis qui quia eos. Iure nam ut pariatur ab veniam.', 0, 'Unde labore veniam explicabo quia nostrum officiis alias. Molestiae eum ut eius ea ullam quae. Dolores nulla quaerat voluptatem non qui consequuntur numquam.', '2016-04-02 13:49:01', '2016-04-02 13:49:01', 3, 11),
(302, 'Mr. Abner Reichert III', 5398, 'http://lorempixel.com/640/480/?72582', 2, 'Veniam voluptas eum et vitae ut laboriosam quod. Dolor animi neque consequatur at. Labore dolores eaque in eos aut cumque vel.', 1, 'Earum soluta autem hic aliquam assumenda nulla veritatis. Eum sed magnam repudiandae commodi officiis voluptas.', '2016-04-02 13:49:01', '2016-04-02 13:49:01', 3, 11),
(303, 'Drew O''Reilly', 848, 'http://lorempixel.com/640/480/?52412', 4, 'Velit et dolorem impedit. Quam nemo modi maiores et.\nOmnis provident nesciunt quisquam tempore error consequatur repellat. Magni sit maxime fugit quod. Ipsam itaque qui blanditiis quae.', 1, 'Et ab doloribus voluptas rerum. Optio deleniti et eligendi alias quam similique molestiae at. Et et quae voluptas iure.', '2016-04-02 13:49:01', '2016-04-02 13:49:01', 3, 11),
(304, 'Valentina Bernier III', 13987, 'http://lorempixel.com/640/480/?33812', 2, 'Alias et consequuntur libero quisquam dicta. Non aut repudiandae iure atque a. Eos quis veniam aspernatur iusto deserunt impedit. Ut autem qui officia nemo ut molestiae quia.', 0, 'Consequatur placeat illum aut blanditiis eveniet. Quis quam sequi consequuntur ut quod ipsam eos. Sit ipsum reiciendis nostrum aperiam. Aperiam nisi saepe eum laudantium enim molestiae.', '2016-04-02 13:49:01', '2016-04-02 13:49:01', 3, 11),
(305, 'Rocky Greenfelder', 10220, 'http://lorempixel.com/640/480/?47966', 2, 'Quia eum et a. Omnis et facilis minima error. Assumenda officiis dolorem est eaque est consectetur fugiat. Deleniti quo amet qui eaque sed et.', 1, 'Libero voluptatum aut temporibus mollitia. Culpa asperiores eveniet quasi iusto in aut unde suscipit. Dolore sit iure ipsam pariatur rerum. Nemo et odit nam iste.', '2016-04-02 13:49:01', '2016-04-02 13:49:01', 3, 11),
(306, 'Dallas Kessler', 17956, 'http://lorempixel.com/640/480/?34282', 3, 'Occaecati vero quisquam quia labore nesciunt. Laborum doloremque nostrum accusamus est. Corporis qui dolores tempore excepturi cupiditate architecto.', 0, 'Deserunt magni aut totam vero quasi. Laborum quidem consequatur quia laboriosam. Ducimus deleniti unde dolores rerum suscipit a. Et voluptatibus nobis dolorum asperiores ut corporis.', '2016-04-02 13:49:01', '2016-04-02 13:49:01', 3, 12),
(307, 'Destiny Towne', 16289, 'http://lorempixel.com/640/480/?66389', 4, 'Necessitatibus dolores asperiores sed. Blanditiis ea inventore voluptatum sunt. Est similique sed voluptatem aut quas sed.', 0, 'Voluptatem hic facere iure velit iusto. Officia ipsum perspiciatis ipsam soluta. Non totam porro voluptatem qui repudiandae.', '2016-04-02 13:49:01', '2016-04-02 13:49:01', 3, 12),
(308, 'Adele Schuster', 2153, 'http://lorempixel.com/640/480/?39176', 1, 'Dolor rerum vel voluptate dolor omnis. Alias ut pariatur porro consequuntur nobis voluptatem. Dignissimos exercitationem at qui autem.', 0, 'Ut nobis id nulla accusamus expedita qui aliquam. Id voluptatem sequi quam voluptatem quod nihil praesentium a. Aut repellat alias molestiae.', '2016-04-02 13:49:01', '2016-04-02 13:49:01', 3, 12),
(309, 'Dr. Kane Wisozk III', 19182, 'http://lorempixel.com/640/480/?29378', 1, 'Minima deserunt inventore id sed ut. Doloremque facere ab animi sed tempora earum nihil. Vel eveniet maiores sint nemo.', 1, 'Et recusandae nobis dolorem impedit occaecati. Voluptatum sed veritatis ut eos vitae quia. Dolore voluptatem molestiae perferendis sed in commodi minima.', '2016-04-02 13:49:02', '2016-04-02 13:49:02', 3, 12),
(310, 'Sidney Wiza', 11750, 'http://lorempixel.com/640/480/?92747', 1, 'Facilis est ea dolores quo deserunt sit eos odit. Nihil sequi consequatur et similique rerum ipsa. Dolor rerum sit quia expedita.', 1, 'Cumque eveniet nobis earum amet occaecati impedit quis. Culpa commodi sit laboriosam est labore dolor. Est autem dolorum aut omnis eius aspernatur reiciendis beatae.', '2016-04-02 13:49:02', '2016-04-02 13:49:02', 3, 12),
(311, 'Darby Bergstrom', 6731, 'http://lorempixel.com/640/480/?85370', 1, 'Dolores recusandae voluptas molestiae accusamus blanditiis deserunt ipsum. Recusandae iusto rem sint veritatis voluptatum. Rerum sit officiis odio ab.', 0, 'Et sed dignissimos sit sapiente. Accusamus aut et vel aut. Necessitatibus praesentium aut est quo.\nSoluta ratione accusantium eum autem dignissimos. Magni et optio quis cumque occaecati quam laborum.', '2016-04-02 13:49:02', '2016-04-02 13:49:02', 3, 13),
(312, 'Ms. Samanta Okuneva DDS', 15597, 'http://lorempixel.com/640/480/?62340', 2, 'Illum quaerat fugiat aperiam aut. Qui quis sunt ut enim consequatur. Unde non molestiae praesentium et. Repudiandae a voluptatem ex in.', 0, 'Et minus deleniti eum cupiditate mollitia qui. Vel consequatur nam sit fugit ut sit est. Voluptatum voluptatum voluptas quidem eaque provident quia. Reprehenderit recusandae dolore dolorem.', '2016-04-02 13:49:02', '2016-04-02 13:49:02', 3, 13),
(313, 'Ms. Prudence Harvey', 19267, 'http://lorempixel.com/640/480/?71661', 4, 'Ea cupiditate illo autem id. Debitis dolorum id error a perferendis cupiditate. Animi et quibusdam tempora veritatis qui et.', 0, 'Deleniti itaque minus ipsam iure eveniet dolor. Voluptatem ipsum eum repellat aut quaerat cupiditate voluptatibus voluptas. Eveniet sequi voluptatem quam.', '2016-04-02 13:49:02', '2016-04-02 13:49:02', 3, 13),
(314, 'Dr. Ulices Paucek IV', 8302, 'http://lorempixel.com/640/480/?88491', 4, 'Iusto exercitationem atque magni fugit non molestiae. Voluptatum omnis corporis deserunt voluptates esse. Dolores tempora qui molestiae est praesentium quia nihil.', 1, 'Ullam vitae in repellat dolores. Qui maiores in porro iste.\nConsectetur cum pariatur aliquam nihil. Reprehenderit aut modi sed quaerat quibusdam. Consequatur dolorem velit commodi repellat tempora.', '2016-04-02 13:49:02', '2016-04-02 13:49:02', 3, 13),
(315, 'Miss Whitney Hagenes I', 13555, 'http://lorempixel.com/640/480/?52885', 1, 'Impedit doloremque provident a autem. Molestias voluptate sit architecto facere quod commodi officiis.', 0, 'Veritatis rerum esse omnis sint quia omnis delectus. Et enim ea et aperiam sit vero in sed. Consequuntur ut dolore laboriosam ut. Omnis ullam ex architecto animi quae iusto.', '2016-04-02 13:49:02', '2016-04-02 13:49:02', 3, 13),
(316, 'Clovis Will', 626, 'http://lorempixel.com/640/480/?98333', 4, 'Laboriosam doloribus porro fuga. Molestias maxime exercitationem vitae tenetur quisquam. Autem rerum sit aliquid velit. Qui iure dicta quos numquam cum.', 1, 'Quidem et voluptatem similique asperiores et. Voluptas aspernatur sed unde nam. Voluptate totam voluptatem nobis consequuntur hic. Asperiores fuga qui saepe est excepturi sequi ut.', '2016-04-02 13:49:02', '2016-04-02 13:49:02', 3, 14),
(317, 'Abby Mraz IV', 15201, 'http://lorempixel.com/640/480/?55067', 4, 'Beatae voluptates eaque quidem est ullam tempore debitis. Cum non et qui. Veritatis eaque eveniet nihil omnis distinctio dignissimos autem.', 1, 'Et omnis atque sunt provident aut atque. Et rerum natus laudantium non. Molestiae aut recusandae ad nostrum quis. Ipsam molestias et facere nobis nostrum. Et et perferendis nam qui qui.', '2016-04-02 13:49:02', '2016-04-02 13:49:02', 3, 14),
(318, 'Wayne Bode', 12043, 'http://lorempixel.com/640/480/?85150', 3, 'Magnam aut nulla et nam. Libero est et aut deleniti asperiores quo soluta voluptates. Pariatur reprehenderit assumenda et eveniet sed. Excepturi quo neque est sit.', 1, 'Quo similique culpa saepe. Unde omnis architecto et dolore veritatis officiis. Voluptatem consequuntur pariatur nam mollitia odit.', '2016-04-02 13:49:02', '2016-04-02 13:49:02', 3, 14),
(319, 'Lauriane Gorczany III', 17564, 'http://lorempixel.com/640/480/?50324', 4, 'Commodi consequatur aliquam et ab officia. Ut sit facilis ipsam hic consequatur. Incidunt magnam eaque ducimus amet. Ut voluptatem quia sed iste.', 0, 'Nisi consectetur id consequatur molestias repellat ut consequuntur. Totam amet dignissimos quam laborum.', '2016-04-02 13:49:02', '2016-04-02 13:49:02', 3, 14),
(320, 'Baby Macejkovic', 17795, 'http://lorempixel.com/640/480/?82771', 1, 'Nostrum eius aut explicabo praesentium qui voluptatem rem. Iure ducimus labore non est iste in quaerat doloremque. Ratione adipisci excepturi illum.', 1, 'Voluptas explicabo natus ad pariatur sunt ut. Ab corporis eligendi dignissimos vel velit vel odio. Quia in et fugiat est eius sapiente ut repudiandae.', '2016-04-02 13:49:02', '2016-04-02 13:49:02', 3, 14),
(321, 'Rosella Runolfsdottir', 15913, 'http://lorempixel.com/640/480/?80741', 1, 'Voluptas possimus natus possimus laudantium. Quam omnis culpa nihil praesentium ratione. Quod sunt nemo aut. Doloremque sequi quasi numquam sint dolore.', 1, 'Ut distinctio non ut dignissimos eveniet tenetur aut. Nam nihil qui blanditiis odit odit. Et aut velit cupiditate blanditiis cumque sunt.', '2016-04-02 13:49:02', '2016-04-02 13:49:02', 3, 15),
(322, 'Miss Clementine Herzog DVM', 6291, 'http://lorempixel.com/640/480/?69277', 4, 'Tempore non cumque labore et quis consequatur atque. Quasi non recusandae odit dolorem reprehenderit. Velit excepturi quo facere deserunt necessitatibus.', 0, 'Quam ipsum pariatur ea est. Vero sit sunt minima atque est non sed. Ab ut sint voluptas tempora vel quis. Nisi provident voluptate eaque culpa.', '2016-04-02 13:49:02', '2016-04-02 13:49:02', 3, 15),
(323, 'Thelma Daniel', 14990, 'http://lorempixel.com/640/480/?62279', 2, 'Id debitis reprehenderit voluptas corrupti sed sunt. Sequi et non qui quia. Nam fugit nihil unde hic distinctio aperiam.', 1, 'Aliquam sunt ad molestias quia rerum quisquam. Rerum sed maxime fuga reprehenderit. Sit molestiae odit dolorem eos recusandae. Aliquam aut sit quia voluptatem et voluptas.', '2016-04-02 13:49:02', '2016-04-02 13:49:02', 3, 15),
(324, 'Prof. Davon Kuhlman Sr.', 9680, 'http://lorempixel.com/640/480/?60621', 1, 'Est quam officiis unde et. Modi ducimus quis itaque commodi tenetur ut dignissimos delectus. Eaque earum omnis illum consectetur harum sit iure blanditiis.', 1, 'Est quaerat sint et voluptatum aut. Inventore ad modi quia est nesciunt pariatur. Ipsam est nulla occaecati omnis.', '2016-04-02 13:49:02', '2016-04-02 13:49:02', 3, 15),
(325, 'Dr. Darwin Miller DDS', 11019, 'http://lorempixel.com/640/480/?25909', 3, 'Officia molestiae aut aut eaque nam consequatur. Totam accusantium vel sequi rerum fugiat id eum. Voluptatem expedita voluptates ut.', 0, 'Minus nesciunt minima voluptas molestiae eos. Repudiandae a rem et. Porro velit earum in. Accusamus sed repellendus consequuntur quam.', '2016-04-02 13:49:02', '2016-04-02 13:49:02', 3, 15),
(326, 'Alfred Skiles Jr.', 4619, 'http://lorempixel.com/640/480/?33643', 2, 'Aut eveniet impedit deleniti incidunt vitae. Sed eaque et qui quo doloribus libero inventore. Ut ab qui ducimus id sunt repellendus dolore beatae. Dolorem facere autem eos non sequi.', 0, 'Et et voluptas ut aut et ipsa voluptas quia. Molestiae ab omnis et omnis. Doloribus repellat voluptas cum consequatur.', '2016-04-02 13:49:02', '2016-04-02 13:49:02', 3, 16),
(327, 'Corbin Dach', 19670, 'http://lorempixel.com/640/480/?29256', 3, 'Assumenda sapiente maxime sit deleniti aspernatur molestias incidunt. Numquam fugit tenetur recusandae qui.', 1, 'Libero quo quasi quaerat quae odit. Voluptates eius quis impedit adipisci omnis. Id quisquam officiis quos itaque tenetur fuga est.', '2016-04-02 13:49:02', '2016-04-02 13:49:02', 3, 16),
(328, 'Miss Andreanne Haley', 16600, 'http://lorempixel.com/640/480/?61120', 1, 'Necessitatibus omnis quisquam id aut quis. Provident vero non provident eos. Molestias ut exercitationem nihil perferendis quas.', 1, 'Cumque repellat quos quis magni. Libero doloribus quisquam delectus nam tempora atque. Iusto repellat vel sed nisi non dolores.', '2016-04-02 13:49:02', '2016-04-02 13:49:02', 3, 16),
(329, 'Mr. Winfield Pfeffer', 17181, 'http://lorempixel.com/640/480/?49792', 2, 'Atque provident laboriosam dolores at quia. Perferendis qui dolore eos possimus maxime. Et ipsum cupiditate molestiae nam incidunt non optio. Dolor et qui ut libero excepturi blanditiis quos.', 1, 'Rem tempore autem ea sit nulla voluptatibus vero. Ab ullam exercitationem sint qui soluta totam. Reprehenderit ad veniam dolores quia voluptates nisi. Aspernatur in et architecto necessitatibus.', '2016-04-02 13:49:02', '2016-04-02 13:49:02', 3, 16),
(330, 'Kaitlyn Dare', 19272, 'http://lorempixel.com/640/480/?51243', 4, 'Incidunt in sequi pariatur aperiam dolore et sit esse. Porro quia iusto aut aut architecto dolores. Et magnam facilis qui perspiciatis. Libero architecto laudantium et culpa praesentium sit ut.', 0, 'Unde aut delectus repellendus commodi ut. Quidem earum et quae ipsum. Repudiandae sapiente modi et.', '2016-04-02 13:49:02', '2016-04-02 13:49:02', 3, 16),
(331, 'Margie Jaskolski', 572, 'http://lorempixel.com/640/480/?33142', 2, 'Animi deleniti quis eos maiores consequatur facilis. Molestiae itaque distinctio autem unde. At quasi sed deserunt commodi. Officia corporis veritatis quis.', 1, 'Voluptates qui qui minus dolorum. In corporis itaque incidunt enim facilis alias ea quo.', '2016-04-02 13:49:03', '2016-04-02 13:49:03', 3, 17),
(332, 'Neha Heathcote DDS', 6262, 'http://lorempixel.com/640/480/?44773', 2, 'Tempore voluptas exercitationem quidem culpa sunt quia nulla. Officiis occaecati exercitationem excepturi quo. Aut quibusdam nesciunt quis veniam nemo labore quos.', 1, 'Nihil alias vel magnam officia reprehenderit eos reprehenderit. Quo ut non dignissimos adipisci eos amet error. Quia nulla asperiores quia et alias voluptatem sint.', '2016-04-02 13:49:03', '2016-04-02 13:49:03', 3, 17),
(333, 'Mr. Clifford Kuhic', 698, 'http://lorempixel.com/640/480/?94861', 2, 'Vel aut architecto quia quisquam ut. Aliquid eius eligendi recusandae enim rem corrupti. Laboriosam officia et voluptatum ipsa inventore sunt.', 1, 'Sint tempora quo voluptatibus excepturi. Quia ratione earum fuga non vel corrupti corporis.', '2016-04-02 13:49:03', '2016-04-02 13:49:03', 3, 17),
(334, 'Dr. Shayne Flatley', 11184, 'http://lorempixel.com/640/480/?63719', 1, 'Doloribus voluptas ipsum facilis aliquid dolores impedit voluptatem excepturi. Deserunt eaque similique neque qui. Qui magnam corporis accusantium qui. Unde ut eius quasi voluptate tempore.', 1, 'Earum adipisci fugiat qui enim necessitatibus consequuntur praesentium commodi. Distinctio ex qui voluptas quae in consequuntur nihil. Commodi cupiditate dolor deserunt voluptate.', '2016-04-02 13:49:03', '2016-04-02 13:49:03', 3, 17),
(335, 'Kiana Reichel PhD', 2181, 'http://lorempixel.com/640/480/?89788', 1, 'Vero eum optio debitis nostrum. Quaerat voluptas iusto explicabo et. Architecto earum asperiores perferendis ut iure consequatur. Quae omnis est sit voluptatum id quidem.', 1, 'Corrupti iure alias veniam deleniti. Voluptate quis ipsam sed delectus neque. Ea iure magni mollitia nesciunt possimus architecto vitae.', '2016-04-02 13:49:03', '2016-04-02 13:49:03', 3, 17),
(336, 'Issac Crist', 16092, 'http://lorempixel.com/640/480/?37818', 3, 'Tenetur omnis ducimus facilis rerum. Debitis quia in illo corrupti odit. Et sit repellat in. Hic quidem quia quia.', 0, 'Voluptatem sequi ut alias et unde libero. Non quae maiores provident similique omnis. Temporibus labore placeat vel occaecati assumenda ducimus et qui. Est et cupiditate qui hic pariatur.', '2016-04-02 13:49:03', '2016-04-02 13:49:03', 3, 18),
(337, 'Roselyn Homenick', 8347, 'http://lorempixel.com/640/480/?24901', 2, 'Similique porro voluptatem occaecati asperiores. Voluptatem commodi voluptas nisi error et. Omnis tempore nihil quibusdam qui nulla omnis porro.', 1, 'Est veniam eius consequatur nulla. Iusto repudiandae id harum. Libero quia eum eos enim.\nRerum est maiores est qui rem. Accusamus dicta nihil eaque. Omnis nemo molestiae voluptas est esse.', '2016-04-02 13:49:03', '2016-04-02 13:49:03', 3, 18),
(338, 'Jeanne Metz', 5240, 'http://lorempixel.com/640/480/?44230', 3, 'Sint quaerat fuga repudiandae voluptatum. Dolores odio omnis doloremque saepe earum est. Et sapiente ipsam voluptas distinctio est officiis. Ut dolorum quibusdam deleniti eum perspiciatis omnis.', 1, 'Non non mollitia omnis. Nobis dolores id rerum quaerat modi suscipit modi. Tempore inventore est assumenda ipsam dolor cupiditate autem.', '2016-04-02 13:49:03', '2016-04-02 13:49:03', 3, 18),
(339, 'Emie Cummerata PhD', 2020, 'http://lorempixel.com/640/480/?12699', 2, 'Molestias vel error aliquid praesentium non est. At nulla sit error nulla. Id maxime dolor velit quis. Tempora veritatis molestiae et cumque non saepe.', 1, 'Beatae sed impedit et labore voluptas. Sequi repellat quia voluptates. Et molestiae dicta aliquam velit tenetur.', '2016-04-02 13:49:03', '2016-04-02 13:49:03', 3, 18),
(340, 'Marquise Streich II', 17596, 'http://lorempixel.com/640/480/?86600', 2, 'Doloremque qui aliquam consequatur odio cum nulla aliquid. Excepturi rem quo doloremque harum odio aut quaerat maiores.', 1, 'Iure maxime veritatis ea totam occaecati velit harum. Voluptatem amet et possimus nemo eius ipsa.', '2016-04-02 13:49:03', '2016-04-02 13:49:03', 3, 18),
(341, 'Ethan Dickinson', 7832, 'http://lorempixel.com/640/480/?40628', 3, 'Et earum vel inventore dolorum. Inventore accusamus dicta et temporibus sunt voluptatem vitae. Quo ea quis et occaecati provident dolorem magnam.', 1, 'Porro necessitatibus nesciunt accusantium ducimus reprehenderit eius temporibus. Rerum harum voluptas odio et sit.', '2016-04-02 13:49:03', '2016-04-02 13:49:03', 3, 19),
(342, 'Miss Kellie Wisoky', 9225, 'http://lorempixel.com/640/480/?19382', 3, 'Labore excepturi voluptatem iusto cum. Harum atque velit expedita. Provident dolore cumque id natus. Beatae voluptatibus ut nihil quidem dolorem eum.', 0, 'Nostrum similique sapiente alias voluptas. Occaecati qui quia aut voluptas sed est voluptatem. Quisquam nulla aperiam nulla et quia placeat.', '2016-04-02 13:49:03', '2016-04-02 13:49:03', 3, 19),
(343, 'Elmer Corkery', 11295, 'http://lorempixel.com/640/480/?77354', 1, 'Ut officia similique suscipit molestiae ea sint modi. Sed quia aut ipsum ut nisi exercitationem rerum beatae. Et veniam commodi quia qui eligendi ea hic.', 1, 'Magnam est repellat deserunt enim cupiditate architecto. Sequi adipisci voluptatem occaecati a. Dolor minima est architecto velit exercitationem.', '2016-04-02 13:49:03', '2016-04-02 13:49:03', 3, 19),
(344, 'Bette Armstrong DDS', 4411, 'http://lorempixel.com/640/480/?99894', 1, 'Rerum a ratione laborum dolores. Libero quod dolorem non similique adipisci. Sint consectetur cumque voluptatem rerum corrupti ut minus. Eos magnam cumque ea quod.', 0, 'Ducimus enim neque harum necessitatibus porro. Praesentium ipsum et voluptatum occaecati eos et voluptate sed. Aut nobis minus minima officia.', '2016-04-02 13:49:03', '2016-04-02 13:49:03', 3, 19),
(345, 'Dr. Baron Conn PhD', 6272, 'http://lorempixel.com/640/480/?18140', 1, 'Tempora natus nihil culpa ratione nesciunt quis. Omnis in rerum et eos non est amet. Harum occaecati et similique voluptatem. Repellendus rem enim saepe dicta quis blanditiis et.', 0, 'Officia maiores officia voluptatibus rerum. A unde totam culpa dolorem aut. Rerum sit exercitationem cupiditate dolores quo non.', '2016-04-02 13:49:03', '2016-04-02 13:49:03', 3, 19),
(346, 'Verda Abshire DVM', 16045, 'http://lorempixel.com/640/480/?28486', 2, 'Nihil sequi modi doloremque ad. Et minus ut aut. Sed id aut repellat fugit similique. Minus dolore saepe est autem doloribus ut voluptatum harum.', 0, 'Velit qui qui velit sit. Ducimus dolore asperiores dolor consequatur necessitatibus et qui. Ut totam ut velit quis praesentium.', '2016-04-02 13:49:03', '2016-04-02 13:49:03', 3, 20),
(347, 'Miss Lola Senger V', 1790, 'http://lorempixel.com/640/480/?42529', 2, 'Et accusamus aspernatur illo odio. Illo minima amet facilis harum quaerat. Eos accusamus et consequatur dolorem. Error nihil odit dolores aliquam consequuntur.', 1, 'Et quia et in. Porro aspernatur ab et quasi magni consequatur maiores ab.', '2016-04-02 13:49:03', '2016-04-02 13:49:03', 3, 20),
(348, 'Carlo Hagenes', 7401, 'http://lorempixel.com/640/480/?41071', 4, 'Repellat placeat voluptatem possimus tempore. Expedita nihil aut ipsam aut fuga porro minus. Est nostrum est dolores. Dolorem et placeat repudiandae perspiciatis sunt nostrum odio.', 0, 'Voluptate itaque placeat non similique quidem. Ut perspiciatis facilis cupiditate aut tempore et sed. Modi aut quas eligendi enim itaque.', '2016-04-02 13:49:03', '2016-04-02 13:49:03', 3, 20),
(349, 'Savanna Kilback', 12475, 'http://lorempixel.com/640/480/?45803', 4, 'Sint molestiae ut provident pariatur facere numquam. Qui ea incidunt qui animi voluptate sit. Delectus fugiat voluptates officia cumque eligendi aut voluptate.', 0, 'Quae omnis ea rerum sed non ad. Vel aliquid quibusdam tempore sint et. Minima quae nam beatae dolores eligendi officia.', '2016-04-02 13:49:03', '2016-04-02 13:49:03', 3, 20);
INSERT INTO `food_items` (`id`, `name`, `price`, `image`, `person_count`, `ingredients`, `is_special`, `description`, `created_at`, `updated_at`, `restaurant_id`, `category_id`) VALUES
(350, 'Prof. Treva Marvin MD', 11789, 'http://lorempixel.com/640/480/?38214', 3, 'Laudantium nihil autem fuga reiciendis voluptas nulla. Magnam error fugiat impedit ea ut quis illum quaerat. Odit laborum magni ut voluptates quibusdam odit sunt. Voluptate cum voluptates animi.', 0, 'Neque praesentium qui in reprehenderit dolorem beatae. Quo nihil et ducimus. Recusandae quidem tempora est. Et nisi doloribus veritatis mollitia ducimus.', '2016-04-02 13:49:03', '2016-04-02 13:49:03', 3, 20),
(351, 'Ms. Nikita Balistreri', 10742, 'http://lorempixel.com/640/480/?70893', 2, 'Aut dicta consequatur itaque sed. Ullam qui pariatur ratione eligendi. Cumque rerum debitis ut eum qui. Minima non sint consequatur dolor amet officiis deserunt.', 0, 'Assumenda qui earum ea tempore ipsa. Velit tempore non numquam enim doloribus maiores. Optio aperiam sunt suscipit delectus corporis quis. Assumenda reprehenderit doloremque vero nam.', '2016-04-02 13:49:03', '2016-04-02 13:49:03', 3, 21),
(352, 'George Spencer', 9581, 'http://lorempixel.com/640/480/?64138', 2, 'Accusantium magnam quasi et dolor. Id laudantium ut voluptatum facilis. Perferendis tempore nihil doloribus odio autem praesentium.', 1, 'Odio atque temporibus animi laborum blanditiis unde repellendus. Distinctio et voluptatem ullam expedita deleniti amet.', '2016-04-02 13:49:03', '2016-04-02 13:49:03', 3, 21),
(353, 'Shanon Moen', 13106, 'http://lorempixel.com/640/480/?76207', 4, 'Et magnam nostrum esse libero. Non voluptatem et et in accusantium natus dolorem. Temporibus ut et omnis odit vel eum eius quaerat. Alias illo illo illo dolores numquam sunt.', 1, 'Voluptas explicabo praesentium voluptatem pariatur voluptatem. Amet quis rem maxime enim. Quae eum reiciendis sed optio adipisci omnis qui iure. Sunt impedit culpa fugiat voluptatem.', '2016-04-02 13:49:03', '2016-04-02 13:49:03', 3, 21),
(354, 'Rollin Blick DVM', 12404, 'http://lorempixel.com/640/480/?14022', 4, 'Qui quia et qui magnam eum id officiis. Dolorem vero molestias eveniet facilis non inventore illum.', 0, 'Autem et voluptas voluptate adipisci hic corporis labore. Minima ut enim saepe quasi accusantium. Quia sit voluptate rerum quo.', '2016-04-02 13:49:04', '2016-04-02 13:49:04', 3, 21),
(355, 'Quentin Kuhlman', 8605, 'http://lorempixel.com/640/480/?68572', 2, 'Inventore et ad illum incidunt et voluptatem. Voluptates quia commodi dolorem quibusdam odio doloremque et sunt. Dolorem laboriosam animi eum aspernatur veniam ab.', 0, 'Dolorem dolorem quia ab non. Ducimus fuga quisquam eum. Molestiae animi aut dolor. Velit aperiam quos deleniti facere odio quia.', '2016-04-02 13:49:04', '2016-04-02 13:49:04', 3, 21),
(356, 'Nat Parker', 6684, 'http://lorempixel.com/640/480/?42884', 1, 'Officia repellendus consequuntur vitae minus deleniti repellendus soluta. Quisquam quae eius minima illum molestiae eligendi in quibusdam. Officiis vel molestiae omnis reprehenderit perferendis.', 0, 'Ea voluptates aliquid qui quidem laboriosam. Voluptate sed velit ullam perspiciatis. Facilis placeat ut qui aliquid.', '2016-04-02 13:49:04', '2016-04-02 13:49:04', 3, 22),
(357, 'Audie D''Amore', 16306, 'http://lorempixel.com/640/480/?87367', 1, 'Voluptas excepturi maxime ad est quam quo nihil. Fuga ut quos asperiores voluptas aperiam. Asperiores voluptatem laborum inventore sequi.', 0, 'Nisi et et qui adipisci omnis. Qui repellat et fuga. Velit odio molestiae quibusdam repellat nemo sunt doloremque. At necessitatibus expedita quos optio.', '2016-04-02 13:49:04', '2016-04-02 13:49:04', 3, 22),
(358, 'Shakira Bergnaum', 11390, 'http://lorempixel.com/640/480/?62585', 3, 'Fugiat rerum voluptatem vel eveniet adipisci. In rerum ut ratione qui eos commodi accusantium. Doloremque cumque temporibus dignissimos. Ut eius placeat dolores occaecati rem libero pariatur.', 0, 'Laborum consequatur qui aperiam officia. Incidunt iusto delectus error id. Et deserunt ut quaerat nobis.', '2016-04-02 13:49:04', '2016-04-02 13:49:04', 3, 22),
(359, 'Keenan Adams', 6188, 'http://lorempixel.com/640/480/?43034', 1, 'In esse est est minima assumenda fugiat. Sint porro sit illo repudiandae libero hic. Magnam nobis non ducimus et. Omnis cumque atque quisquam blanditiis mollitia.', 1, 'Voluptates fugiat veritatis itaque ipsum in animi et. Similique soluta quis earum accusantium deleniti. Molestiae veniam iure saepe exercitationem ex. Aut commodi enim tempore aut odio.', '2016-04-02 13:49:04', '2016-04-02 13:49:04', 3, 22),
(360, 'Prof. Jed Treutel III', 15801, 'http://lorempixel.com/640/480/?47901', 4, 'Eius eos placeat quae non. Eligendi aut fuga nihil impedit. Esse vel beatae ex nesciunt mollitia.', 1, 'Fugiat porro non quia quia et qui. Accusantium quaerat et facilis sed sit est.', '2016-04-02 13:49:04', '2016-04-02 13:49:04', 3, 22),
(361, 'Landen Tromp DVM', 16285, 'http://lorempixel.com/640/480/?34192', 1, 'Illo praesentium qui laboriosam iure sed rem et. Nihil ipsa voluptatem quo quibusdam magnam ratione autem. A quia ut ad accusamus culpa dolore. Quia enim aut sunt repellat et. Et qui ut qui.', 0, 'Aut aut est dolorem aut sit velit autem. Saepe est ab quis quidem culpa aut laboriosam. Recusandae pariatur voluptates dolor consequatur magni non quia. Qui excepturi beatae cum dignissimos.', '2016-04-02 13:49:04', '2016-04-02 13:49:04', 3, 23),
(362, 'Mollie Ondricka', 4247, 'http://lorempixel.com/640/480/?31313', 3, 'Rerum rerum qui quia quod quia. Culpa iste quas quia est et modi animi fuga. In ex consequatur animi porro quia suscipit.', 0, 'Sint dolor natus velit et tenetur. Asperiores quis sit commodi sequi. Fuga corrupti et corporis sapiente.\nEt est distinctio quia voluptas sequi. Nesciunt esse nobis ab et. A ea nisi voluptas laborum.', '2016-04-02 13:49:04', '2016-04-02 13:49:04', 3, 23),
(363, 'Kayla Lang', 19291, 'http://lorempixel.com/640/480/?27373', 2, 'Atque cumque unde itaque quo dignissimos blanditiis. Magnam incidunt in occaecati et non. Assumenda voluptatem reprehenderit ut.', 1, 'Quam blanditiis exercitationem voluptatem. Expedita corporis et sit sunt quo vel consequatur aut. Enim tempora quia modi quia harum amet.', '2016-04-02 13:49:04', '2016-04-02 13:49:04', 3, 23),
(364, 'Maudie McClure', 13727, 'http://lorempixel.com/640/480/?46899', 2, 'In et ut porro dolores consequatur voluptates. Non sunt iste suscipit neque adipisci.', 1, 'Eos odio expedita tempore quibusdam voluptatem est placeat consequuntur. Perferendis quia consequatur non alias. Corporis quae veniam recusandae sed.', '2016-04-02 13:49:04', '2016-04-02 13:49:04', 3, 23),
(365, 'Margot Heathcote', 12968, 'http://lorempixel.com/640/480/?30513', 3, 'Harum possimus porro placeat quibusdam. Enim consequatur consequatur rerum nulla in non. Ea molestias consequatur ad dolore sit sint.', 1, 'Fuga odit aut maiores. Ipsam neque vero illo dolorem et voluptatibus error tempora. Et facilis vero vel voluptatem repellendus. Doloribus repellendus repellendus laudantium in.', '2016-04-02 13:49:04', '2016-04-02 13:49:04', 3, 23),
(366, 'Juana Rutherford MD', 9590, 'http://lorempixel.com/640/480/?92644', 2, 'Tempore necessitatibus eum esse eaque molestiae. Voluptatem nam ut voluptates soluta amet neque consequatur.', 0, 'Assumenda est necessitatibus quia voluptates. Dicta eum ducimus provident facilis aliquam et. Quia enim id deleniti molestiae dolores.', '2016-04-02 13:49:04', '2016-04-02 13:49:04', 3, 24),
(367, 'Shanelle Murray', 13805, 'http://lorempixel.com/640/480/?17667', 2, 'Quidem iusto maiores omnis beatae atque. Perspiciatis veniam dolor provident repellendus mollitia. Sed adipisci assumenda commodi qui minus minima illum.', 0, 'Et est voluptas asperiores temporibus in laborum amet et. Quibusdam praesentium aut assumenda. Est qui et doloribus repellat.', '2016-04-02 13:49:04', '2016-04-02 13:49:04', 3, 24),
(368, 'Pedro Kub', 19521, 'http://lorempixel.com/640/480/?79202', 4, 'Est et est non tenetur dolores nesciunt ipsam. Hic illum et mollitia quia maxime saepe. Ad magnam qui rerum ea cumque. Inventore voluptatem quod ad occaecati illo esse eligendi.', 1, 'Quia quos vitae dolore incidunt dignissimos vitae. Non earum in id ipsum dolorem qui dolore. Nemo recusandae dolorem dicta. Ea ut aut voluptate natus similique voluptatem fugit.', '2016-04-02 13:49:04', '2016-04-02 13:49:04', 3, 24),
(369, 'Akeem Schneider', 5088, 'http://lorempixel.com/640/480/?45668', 3, 'Dignissimos tempore et repellat dolor qui perferendis dolore. Et suscipit quidem tempora placeat et. Est asperiores tempora iste qui. Minus omnis odit pariatur qui.', 0, 'Quae officia tempore eveniet et et et provident. Velit magnam placeat et voluptatem aliquam doloribus.', '2016-04-02 13:49:04', '2016-04-02 13:49:04', 3, 24),
(370, 'Rylan Stehr', 12383, 'http://lorempixel.com/640/480/?81782', 3, 'Dignissimos excepturi accusantium aut dolor et. Hic et quo perspiciatis enim. Qui debitis optio ad commodi fuga. Quisquam quo et nam ut autem.', 0, 'Nihil optio deleniti quas eligendi debitis occaecati. Accusantium reiciendis sed sapiente eos. Fugit ad et mollitia eum aliquid. Voluptas laborum quia doloremque aspernatur aut.', '2016-04-02 13:49:04', '2016-04-02 13:49:04', 3, 24),
(371, 'Lilliana Rogahn', 15275, 'http://lorempixel.com/640/480/?27502', 2, 'Tenetur quo ut impedit est illo quia eligendi. Hic sit fugit eos. Quod et aut aut et quae dolorum enim. Alias similique alias pariatur architecto ut.', 0, 'Modi quo blanditiis velit aperiam. Dolor dolores qui rerum ut et sed. Porro nulla sint sunt consequatur minima omnis cum. Dicta impedit enim est.', '2016-04-02 13:49:04', '2016-04-02 13:49:04', 3, 25),
(372, 'Mr. Garnet Nitzsche', 18361, 'http://lorempixel.com/640/480/?88157', 4, 'Non consectetur ipsam aspernatur nobis illum et nam. Non autem facilis possimus vel est accusamus quibusdam. Quidem sit et aliquid sed amet qui. Distinctio dolorem facilis necessitatibus et et.', 0, 'Qui nulla necessitatibus repudiandae nostrum. Assumenda illo est saepe qui. Eos sed placeat blanditiis et non natus earum vitae.', '2016-04-02 13:49:04', '2016-04-02 13:49:04', 3, 25),
(373, 'Jessie Watsica', 13807, 'http://lorempixel.com/640/480/?31980', 3, 'Pariatur adipisci voluptas molestiae officiis. Nulla sint accusantium beatae dicta dolores impedit odio. Velit et vitae saepe nemo explicabo quo. Id ipsam aut quae quasi officia deserunt.', 0, 'Cum voluptatem beatae sed minus nihil. Blanditiis et ex voluptas molestiae veritatis. Magnam nam occaecati expedita quisquam eos.', '2016-04-02 13:49:04', '2016-04-02 13:49:04', 3, 25),
(374, 'Layla Wisoky', 5684, 'http://lorempixel.com/640/480/?19488', 4, 'Occaecati quis pariatur non iusto veniam. Est aut amet id iure error cumque. Vero et aut iusto ab voluptas qui et. Consequatur itaque vitae quibusdam doloremque velit qui voluptate.', 0, 'Atque temporibus deserunt rerum at repudiandae. Vero quod nulla omnis fugit delectus non. Illum porro pariatur quod officiis nam eum. Non dolorum optio aspernatur impedit ad natus quisquam.', '2016-04-02 13:49:04', '2016-04-02 13:49:04', 3, 25),
(375, 'Sid Volkman', 4807, 'http://lorempixel.com/640/480/?67330', 3, 'Harum minus qui perferendis atque iste est modi. Aut consequuntur aliquam voluptatibus iste quis quia. Dignissimos qui perferendis dignissimos porro tempora modi.', 1, 'Quaerat doloremque nulla est non quas. Quos voluptatem inventore non. Quo est aspernatur voluptas ullam consectetur voluptatem.', '2016-04-02 13:49:05', '2016-04-02 13:49:05', 3, 25),
(376, 'Prof. Trevion Grimes I', 16991, 'http://lorempixel.com/640/480/?50881', 3, 'Soluta modi vero vitae. Et sed dolor deserunt porro nulla velit possimus. Autem sapiente ullam quam.\nMaxime est eos fugit ad quidem dolor et voluptatem. Ea autem molestiae qui rerum ex pariatur.', 0, 'Et rerum nihil eos cumque cupiditate earum consequuntur. Porro aut quam asperiores officiis. Sit aut ut placeat iusto. Aut voluptatem rerum laboriosam omnis dolore aspernatur.', '2016-04-02 13:49:05', '2016-04-02 13:49:05', 4, 1),
(377, 'Rosetta Von', 2265, 'http://lorempixel.com/640/480/?50807', 3, 'Repudiandae fugiat qui porro repudiandae. Sunt doloremque autem unde deserunt delectus quae. Ut ex repudiandae voluptates ut ut.', 1, 'Veniam est maiores aut voluptatibus perspiciatis minima. Nemo fugiat dolorem pariatur non temporibus quis quia. Eos aspernatur enim esse.', '2016-04-02 13:49:05', '2016-04-02 13:49:05', 4, 1),
(378, 'Ike O''Reilly', 17843, 'http://lorempixel.com/640/480/?42126', 3, 'Incidunt architecto omnis dicta et sint. Possimus odit aut maiores sed. Et ut aut ut ea mollitia nam sapiente.', 1, 'Alias unde veritatis quae. Itaque unde quis tenetur odit adipisci nemo. Illo officia magni et omnis suscipit eos. Illum consequatur et et deleniti.', '2016-04-02 13:49:05', '2016-04-02 13:49:05', 4, 1),
(379, 'Karelle Volkman PhD', 14986, 'http://lorempixel.com/640/480/?69923', 2, 'Laboriosam architecto aut quae eaque est neque nisi. Voluptates totam alias quasi harum laborum et eveniet. Eos soluta provident sequi ratione vero. Quidem iure illo ratione voluptas.', 1, 'Laborum eum officia eligendi non. Sunt placeat repudiandae omnis omnis recusandae. Reiciendis voluptatem soluta ut explicabo ad laudantium beatae.', '2016-04-02 13:49:05', '2016-04-02 13:49:05', 4, 1),
(380, 'Lillie Huels', 3005, 'http://lorempixel.com/640/480/?42060', 4, 'Veniam fugiat animi fugit provident consequatur. Dolores expedita velit explicabo. Excepturi officiis quis eveniet quae ut porro. Ut odio numquam enim ea veritatis aliquid.', 0, 'Facere fuga odio sit excepturi dolore nemo. Quibusdam impedit in atque quis unde harum suscipit. Vel hic soluta labore exercitationem enim minima reprehenderit.', '2016-04-02 13:49:05', '2016-04-02 13:49:05', 4, 1),
(381, 'Orlo Klocko', 19946, 'http://lorempixel.com/640/480/?71581', 4, 'Ea aut ea modi. Sed quae et eaque ut eum voluptatem. Nihil soluta porro quidem sed nihil fuga. Iure animi doloremque velit sed iste.', 0, 'Quaerat tempora laborum explicabo fuga ullam dolore mollitia. Nemo repellendus cumque ab. Voluptates eos necessitatibus tenetur veniam autem qui consequatur.', '2016-04-02 13:49:05', '2016-04-02 13:49:05', 4, 2),
(382, 'Prof. Donato Turcotte', 18743, 'http://lorempixel.com/640/480/?81766', 1, 'Dicta impedit eius qui quasi magni. Aut magni odio autem atque. Quia ut non repellendus eum laboriosam.', 0, 'Pariatur laborum qui magnam pariatur culpa. Pariatur nulla vero dolorum. Sit debitis iusto consequatur veritatis itaque.', '2016-04-02 13:49:05', '2016-04-02 13:49:05', 4, 2),
(383, 'Prof. Buster Hyatt', 10336, 'http://lorempixel.com/640/480/?72910', 1, 'Nobis harum cupiditate error quasi ea. Impedit dolore animi ex omnis in quisquam. Ex quisquam necessitatibus ea est expedita illo. Non est pariatur magni aut vitae quia.', 0, 'Quis corrupti dolorem blanditiis qui vel. Perspiciatis eos omnis incidunt praesentium non sed. Labore repudiandae dolorem sunt qui in quasi exercitationem aliquid.', '2016-04-02 13:49:05', '2016-04-02 13:49:05', 4, 2),
(384, 'Roselyn Runolfsson IV', 11855, 'http://lorempixel.com/640/480/?72722', 3, 'Ut ut illo amet quae magni et. Dolore deleniti omnis quis adipisci exercitationem rerum harum. Ipsam aut repellat omnis nihil non voluptates ad.', 0, 'Reprehenderit ut laboriosam hic eum nemo officiis. Qui quibusdam nihil aut rerum. Deserunt quis ut velit laboriosam. Nulla omnis eaque maxime recusandae dolorem.', '2016-04-02 13:49:05', '2016-04-02 13:49:05', 4, 2),
(385, 'Miss Joelle Jacobs', 10714, 'http://lorempixel.com/640/480/?95915', 4, 'Sed est ratione assumenda qui quia harum. Ipsa quod inventore laboriosam aut molestiae omnis. Quae aut quia ullam suscipit laudantium. Cupiditate mollitia ut eligendi voluptatem et dolorum.', 1, 'Quas ab delectus inventore sequi saepe animi vero. Esse eligendi autem non saepe eos et. Consequatur doloribus vel magnam maxime cum facere est. Nihil nesciunt aperiam amet natus reiciendis et.', '2016-04-02 13:49:05', '2016-04-02 13:49:05', 4, 2),
(386, 'Taurean Quigley', 10852, 'http://lorempixel.com/640/480/?77235', 4, 'Repellat hic sit iure. Quibusdam rerum tempore dolores. Veniam ea quae nesciunt fuga qui aperiam dolorem vel.', 0, 'Et iure atque blanditiis dignissimos labore commodi dolores. Voluptas non possimus dolores consequatur aperiam id. Molestias enim ex pariatur nam. Nihil quam aut ut.', '2016-04-02 13:49:05', '2016-04-02 13:49:05', 4, 3),
(387, 'Prof. Leann Farrell', 12909, 'http://lorempixel.com/640/480/?90081', 4, 'Voluptatibus aut similique id excepturi blanditiis. Laborum quaerat sint rerum aut similique id ea eos.', 0, 'Consectetur perspiciatis non sed velit ipsam recusandae sit cupiditate. Iure eum in voluptatem et.', '2016-04-02 13:49:05', '2016-04-02 13:49:05', 4, 3),
(388, 'Gregory Hansen', 11711, 'http://lorempixel.com/640/480/?75169', 3, 'Et nobis quo molestiae autem ut natus quis fugit. Totam cumque vel qui dolores aliquid maxime. Iure voluptas esse voluptatem.', 0, 'Deserunt quaerat in quas. Ipsa fugit qui modi in sint. Dolorem iste corporis incidunt suscipit harum error. Pariatur sit quia adipisci libero quam sed sed. Mollitia sint et id voluptatibus corrupti.', '2016-04-02 13:49:05', '2016-04-02 13:49:05', 4, 3),
(389, 'Miss Antonietta Jast III', 19629, 'http://lorempixel.com/640/480/?67642', 4, 'Ducimus cumque natus sit voluptatem. Sit maiores ipsam dolorem eius dolorem eum. Et repellat occaecati aut. Voluptates nisi est voluptatem nesciunt tempore consequatur.', 1, 'Qui dignissimos et odit rerum voluptas. Qui qui nihil vero. Asperiores dicta laborum dolorum ipsam ut nemo. Ducimus repellendus repellendus id deleniti necessitatibus.', '2016-04-02 13:49:05', '2016-04-02 13:49:05', 4, 3),
(390, 'Nathanael Baumbach', 4568, 'http://lorempixel.com/640/480/?55148', 1, 'Et fugit odio at vel voluptates et assumenda. Debitis tempore labore est eaque cumque officia nemo. Sed velit non expedita sunt totam cupiditate. Quidem rerum commodi in quasi adipisci.', 0, 'Nostrum quia quo reprehenderit et et et. Voluptatem excepturi possimus quia est. Eligendi porro maxime dolores id. Laudantium et suscipit fugit voluptas. Ut natus est est qui quia sint.', '2016-04-02 13:49:05', '2016-04-02 13:49:05', 4, 3),
(391, 'Zoey Jerde', 8165, 'http://lorempixel.com/640/480/?51310', 4, 'Est vitae aspernatur quam expedita enim maxime voluptatem. Voluptas iure velit eum aut omnis. Pariatur magni quam est quis.', 1, 'Quas iure magni blanditiis magni et. Et adipisci rem at fugit. Vel veniam in expedita voluptatem doloremque eius cupiditate. Ut quaerat quo est et esse omnis.', '2016-04-02 13:49:05', '2016-04-02 13:49:05', 4, 4),
(392, 'Germaine Harber', 2986, 'http://lorempixel.com/640/480/?36074', 1, 'Distinctio sunt perferendis in quae enim autem. Quia eius laborum et enim dolores consequatur. Voluptatem modi doloribus soluta omnis. Molestiae tempora tenetur ab vel.', 0, 'Reiciendis et dolores minus illum. Molestias aut dicta voluptas deserunt qui repellat. Rerum ab et iusto ullam rerum quia. Excepturi vel qui consequatur.', '2016-04-02 13:49:05', '2016-04-02 13:49:05', 4, 4),
(393, 'Amani Heaney', 1597, 'http://lorempixel.com/640/480/?65991', 3, 'Doloribus cupiditate sed expedita accusamus ex. At aut tempora ex est. Corporis minus alias explicabo. Repellat optio unde modi deleniti voluptas similique qui odit.', 1, 'Voluptas architecto et tempore voluptas dolorum cum dignissimos nostrum. Porro non quia voluptatem doloremque nulla necessitatibus suscipit. Ipsum tempore dolores voluptatem.', '2016-04-02 13:49:05', '2016-04-02 13:49:05', 4, 4),
(394, 'Mr. Waldo Considine I', 643, 'http://lorempixel.com/640/480/?41888', 2, 'Voluptas dolorum dolor quo delectus. Quia omnis ea dignissimos iure voluptas. Doloribus temporibus ad quia dicta.', 1, 'Sunt quasi fuga expedita asperiores facere fuga sequi. Impedit explicabo fugiat officia nesciunt velit sit est saepe. Voluptas voluptatum eveniet est porro vel maxime.', '2016-04-02 13:49:05', '2016-04-02 13:49:05', 4, 4),
(395, 'Everette Gusikowski Sr.', 7480, 'http://lorempixel.com/640/480/?14475', 2, 'Blanditiis pariatur amet dolores ex voluptates. Cumque ullam molestiae quaerat et fugit porro. Ea qui sunt ex est.', 1, 'Recusandae molestias a ipsam et. Eaque et sed tempore fuga. Dolorem quod et sit sunt. Eius aut nobis voluptatem tempora quis.', '2016-04-02 13:49:05', '2016-04-02 13:49:05', 4, 4),
(396, 'Shayne Rath Jr.', 3753, 'http://lorempixel.com/640/480/?58947', 4, 'Et aperiam at dolor autem minus omnis. Vero ab tempora maiores quos dolor. Aliquid atque cumque ut ipsum animi aut id. Odit magni labore itaque dolorum autem. Alias qui sint est cumque impedit eos.', 0, 'Consequatur est repellendus iure et quo rerum. Qui sunt vel itaque dolorem amet. Et qui cum fugiat repellendus quia placeat.', '2016-04-02 13:49:05', '2016-04-02 13:49:05', 4, 5),
(397, 'Duane Mills', 4342, 'http://lorempixel.com/640/480/?53793', 1, 'Voluptatem maxime deserunt et eum. Alias sunt sed quo porro. Sequi facere cum iure voluptates voluptatibus saepe rem. Iure voluptas totam aut aspernatur.', 0, 'Reiciendis sint maxime enim at atque rem. Id consequatur facere eos. Amet omnis et voluptatem ipsa necessitatibus dolor in.', '2016-04-02 13:49:05', '2016-04-02 13:49:05', 4, 5),
(398, 'Nils Hansen', 10852, 'http://lorempixel.com/640/480/?59615', 2, 'Laboriosam nostrum quo maiores dolorem facilis quam sed. Sunt perferendis odio aperiam sed nihil distinctio. Vel ex illo reiciendis aliquid. Accusamus earum aperiam est neque.', 0, 'Repudiandae reprehenderit sint ipsam eos. Modi maxime provident amet cum. Ipsa et omnis aut sit illum. Perspiciatis est quos assumenda sed excepturi.', '2016-04-02 13:49:06', '2016-04-02 13:49:06', 4, 5),
(399, 'Miss Samara Balistreri', 15116, 'http://lorempixel.com/640/480/?28406', 1, 'Impedit corporis voluptas asperiores aut dolorem occaecati est. Deserunt modi ut quo harum rerum distinctio perferendis aut. Consequatur adipisci qui pariatur et similique fugiat quia.', 1, 'Nulla pariatur beatae reprehenderit. Harum dignissimos voluptatem est eos commodi. Placeat voluptas exercitationem praesentium temporibus sint.', '2016-04-02 13:49:06', '2016-04-02 13:49:06', 4, 5),
(400, 'Ms. Karelle Schinner DVM', 14450, 'http://lorempixel.com/640/480/?57310', 4, 'Perspiciatis consequuntur accusamus quae neque. Voluptate sed odio enim. Dicta deleniti eos assumenda dolore ut. Vel eius asperiores ea facilis sed et tempora voluptatum.', 1, 'Facilis alias sit nostrum. Quia ut totam et neque quia nostrum. Ea harum labore officia beatae. Facilis quia in sint itaque ut.', '2016-04-02 13:49:06', '2016-04-02 13:49:06', 4, 5),
(401, 'Britney Hammes', 15454, 'http://lorempixel.com/640/480/?59278', 3, 'Alias iusto laborum impedit ab voluptate. Sed fuga vel eum. Cupiditate nobis sed quod vero asperiores.', 1, 'Ipsam ut praesentium libero architecto. Consequuntur labore sunt ut ea aliquam. Totam sit ullam possimus eos modi. Eum in et sed.', '2016-04-02 13:49:06', '2016-04-02 13:49:06', 4, 6),
(402, 'Prof. Marques Kshlerin', 15918, 'http://lorempixel.com/640/480/?45700', 2, 'Magnam nemo saepe inventore ab exercitationem similique temporibus. Dolores qui est vel eum beatae officiis. Minima sit quia quae.', 0, 'Commodi est inventore aspernatur ducimus quae. Ea numquam sit et quia. Perferendis ullam aperiam modi.', '2016-04-02 13:49:06', '2016-04-02 13:49:06', 4, 6),
(403, 'Raquel Denesik', 12367, 'http://lorempixel.com/640/480/?36898', 2, 'Laborum ut nihil nihil quia aspernatur itaque. Neque eligendi tempore ex id voluptatem repellendus et. Voluptatum voluptate earum sit nihil saepe. Velit sunt qui perspiciatis.', 1, 'Molestiae asperiores eos repudiandae nihil. Quia sit non reiciendis ipsam et quia. Praesentium sint voluptatem impedit consequuntur minima provident nulla. Est ut qui deleniti.', '2016-04-02 13:49:06', '2016-04-02 13:49:06', 4, 6),
(404, 'Samanta Quitzon', 9205, 'http://lorempixel.com/640/480/?25380', 1, 'A dolore et aut aliquid beatae. Error architecto sint at ut voluptas. Ullam animi eos eum quam dolorum et.', 1, 'Qui enim optio error qui maxime blanditiis non. A qui aliquid in adipisci aperiam eum ea iste. Iusto quo illo ipsa eius aperiam. Id natus aperiam illum quia temporibus.', '2016-04-02 13:49:06', '2016-04-02 13:49:06', 4, 6),
(405, 'Mckayla Dibbert', 16655, 'http://lorempixel.com/640/480/?36408', 1, 'Et inventore maiores quis deleniti assumenda. Id et est iusto dolores illo quis quod. Consequuntur aut et quo maiores. Omnis aut officia qui.', 1, 'Veritatis repellat dolores aliquid quos soluta inventore. Dolorem cum ab sit dignissimos inventore optio fugit illum. Rerum dolore veniam consectetur unde rerum atque.', '2016-04-02 13:49:06', '2016-04-02 13:49:06', 4, 6),
(406, 'Brad Stracke V', 6413, 'http://lorempixel.com/640/480/?44395', 1, 'Repellendus omnis veritatis quis aut est mollitia. Unde itaque fugiat quae ratione est libero. Et aliquid suscipit aliquid velit tenetur eum. Dolores vitae blanditiis iure voluptatem soluta.', 1, 'Quos aliquam amet voluptatem animi. Consequatur ut sit cupiditate ut. Alias consequatur qui in molestiae ut. Et ipsam autem aliquid officia.', '2016-04-02 13:49:06', '2016-04-02 13:49:06', 4, 7),
(407, 'Zechariah Brakus', 19893, 'http://lorempixel.com/640/480/?37071', 3, 'Possimus est accusamus repellat consectetur. Molestias ipsa qui fuga voluptatem pariatur. Omnis et ratione quia animi illum vero culpa. Reiciendis consequatur aspernatur saepe et quo omnis.', 0, 'Aut quos quidem magni temporibus. Quo sunt vel magnam autem nostrum qui. Commodi molestias incidunt in reiciendis quod officiis eum.', '2016-04-02 13:49:06', '2016-04-02 13:49:06', 4, 7),
(408, 'Meaghan Labadie', 1337, 'http://lorempixel.com/640/480/?59382', 3, 'Nemo sunt et architecto. Est optio rerum odit et blanditiis.', 0, 'Quas nemo dolores voluptatem. Rem occaecati dolores ducimus. Ea est non assumenda voluptas sed eligendi.', '2016-04-02 13:49:06', '2016-04-02 13:49:06', 4, 7),
(409, 'Yolanda Fay', 14908, 'http://lorempixel.com/640/480/?69182', 1, 'Nam nisi consequuntur et ut commodi aspernatur. Asperiores nobis et nostrum adipisci. Totam est quidem dolor magni quibusdam dicta. Quo quia qui non mollitia repellat voluptates ipsum.', 1, 'Velit ipsam maxime ipsa ex est voluptates facere. Nihil consequuntur velit accusantium occaecati. Aliquid error neque distinctio qui.', '2016-04-02 13:49:06', '2016-04-02 13:49:06', 4, 7),
(410, 'Sabrina Reinger', 15180, 'http://lorempixel.com/640/480/?71055', 1, 'Rerum repudiandae odio ipsam ullam fugit quasi. Esse maxime sint incidunt est. Voluptatem tempora aut ipsa nihil corporis. Numquam facilis ad quisquam.', 0, 'Est tempora non rem qui. Nam est incidunt ratione voluptas sed maiores. Laborum suscipit aliquam sint ut ut ab et.', '2016-04-02 13:49:06', '2016-04-02 13:49:06', 4, 7),
(411, 'Juliana Mosciski', 2791, 'http://lorempixel.com/640/480/?56203', 2, 'Magni non quibusdam quam modi. Consectetur est sit ut delectus eveniet vel fugiat. Delectus id ullam doloribus quasi ea.', 1, 'Qui autem omnis placeat minus. Non porro magnam facilis fugit ipsum ut. Possimus pariatur id et voluptas cum nostrum ipsa ut.', '2016-04-02 13:49:06', '2016-04-02 13:49:06', 4, 8),
(412, 'Bessie Kohler DVM', 1004, 'http://lorempixel.com/640/480/?66537', 2, 'Et sed laboriosam assumenda distinctio in inventore sequi. Voluptatum illum autem omnis architecto adipisci. Dolor aut et libero voluptate. Ut labore velit ut voluptatem.', 0, 'Eos enim molestiae quaerat fuga minus error eum sed. Vel dicta itaque reprehenderit. Quibusdam et magni adipisci accusamus. Ut quia doloribus exercitationem reprehenderit reiciendis culpa quod.', '2016-04-02 13:49:06', '2016-04-02 13:49:06', 4, 8),
(413, 'Prof. Sadie Kiehn I', 3202, 'http://lorempixel.com/640/480/?63080', 2, 'Expedita asperiores aspernatur qui adipisci. Vel corrupti quaerat possimus qui quod. Quisquam atque sint officiis quidem perferendis ea maxime. Officiis laboriosam ab consequatur.', 0, 'Culpa et reiciendis rem id omnis. Est sunt sed velit aspernatur qui ut. Est omnis ipsa unde dolorem architecto ut et et.', '2016-04-02 13:49:06', '2016-04-02 13:49:06', 4, 8),
(414, 'Esta Hauck', 10044, 'http://lorempixel.com/640/480/?45328', 2, 'Et ut optio debitis qui. Quis blanditiis consequatur ipsum autem veritatis. Vel exercitationem facere rerum. Sapiente omnis accusamus ea quia. Est aut ratione vero tempora beatae.', 1, 'Veniam at voluptatibus neque ex. Accusamus a aliquam voluptates eos expedita consequatur et esse. Rerum temporibus ea rerum quia et qui enim. Repellendus quas et et quia qui.', '2016-04-02 13:49:06', '2016-04-02 13:49:06', 4, 8),
(415, 'Colby Macejkovic', 11832, 'http://lorempixel.com/640/480/?57929', 3, 'Et commodi fugit nam quaerat et eveniet consequatur. Qui at atque reprehenderit nam. Quasi ad tempore optio atque recusandae.', 0, 'Laudantium corporis consequuntur illo suscipit. Nobis dolor natus consequatur repudiandae est facilis qui temporibus. Et sed autem animi blanditiis aspernatur consequatur.', '2016-04-02 13:49:06', '2016-04-02 13:49:06', 4, 8),
(416, 'Prof. Cindy Gerlach', 18421, 'http://lorempixel.com/640/480/?45196', 2, 'Est vitae eos qui id beatae quam. Blanditiis dolorum molestiae voluptates deserunt officiis tenetur est officia.', 1, 'Odit architecto et quia odio. Fugit nulla reprehenderit quia ad minus dolor. Placeat dolores sit qui possimus iste illo ad. Saepe praesentium neque molestiae alias possimus repellendus et.', '2016-04-02 13:49:06', '2016-04-02 13:49:06', 4, 9),
(417, 'Orrin Shields', 3247, 'http://lorempixel.com/640/480/?54586', 4, 'Magni fugit quisquam eaque illum quos incidunt. Et rem amet consequuntur dicta impedit iste. Omnis repudiandae fugiat soluta impedit.', 1, 'Neque officiis ad voluptate fugiat. Cumque amet modi saepe et. Consequatur ut atque in laboriosam deleniti soluta tempora veniam.', '2016-04-02 13:49:06', '2016-04-02 13:49:06', 4, 9),
(418, 'Cielo Grady', 13592, 'http://lorempixel.com/640/480/?13449', 3, 'Amet et aperiam adipisci dolorem ut. Nemo similique incidunt tempore similique voluptatem. Aliquam dolores et omnis voluptatem odit.', 1, 'Libero reprehenderit animi voluptatum nam dolorem eaque consequatur. Omnis sed velit odio tenetur soluta iure. Iste sapiente harum minima quos. Id deserunt doloremque sunt.', '2016-04-02 13:49:06', '2016-04-02 13:49:06', 4, 9),
(419, 'Melyna Schoen', 5376, 'http://lorempixel.com/640/480/?42246', 4, 'Dolore earum nihil reprehenderit autem sapiente. Molestiae et est quae nesciunt fuga rerum consequatur et. Error nulla aut delectus explicabo provident. Impedit impedit in id sint corporis.', 0, 'Corporis perspiciatis ut sequi. Recusandae non temporibus tenetur consequatur quia libero. Iusto qui enim quis id.', '2016-04-02 13:49:06', '2016-04-02 13:49:06', 4, 9),
(420, 'Frieda Mraz', 16839, 'http://lorempixel.com/640/480/?36161', 1, 'Illo quis molestiae tempore est debitis. Quos vitae architecto error saepe.\nOptio aliquid vel quia aliquam. Velit neque id rerum neque dolor itaque. Quis quo dolorem expedita aut.', 0, 'Omnis odit labore ut consectetur quibusdam. Suscipit ipsam ut porro cumque. Quod corrupti eos autem qui voluptate impedit est. Autem quis et est soluta sed aliquid.', '2016-04-02 13:49:06', '2016-04-02 13:49:06', 4, 9),
(421, 'Geraldine Ullrich Sr.', 16524, 'http://lorempixel.com/640/480/?85811', 3, 'Quae molestiae consequatur dolores incidunt. Maxime corporis esse est. Blanditiis et consequatur dolore sed veritatis incidunt exercitationem. Dignissimos temporibus dignissimos nesciunt quae.', 1, 'Dignissimos eum architecto ad. Exercitationem ea provident similique illum. Ea voluptates expedita iure laborum voluptatem.', '2016-04-02 13:49:06', '2016-04-02 13:49:06', 4, 10),
(422, 'Miss Eugenia Lesch', 3445, 'http://lorempixel.com/640/480/?46552', 1, 'Ea odit aliquam aperiam et et. Et quod et nihil nobis aperiam. Rerum sit earum est occaecati repudiandae aperiam. Fuga eum autem sunt sed.', 0, 'Consectetur quaerat sed quis dolorem. Expedita minima consectetur vitae et voluptatem vel consequatur. Hic unde et vel.', '2016-04-02 13:49:06', '2016-04-02 13:49:06', 4, 10),
(423, 'Prof. Don Cormier', 1545, 'http://lorempixel.com/640/480/?44986', 4, 'Eum id cum sint nulla. Molestiae laboriosam aut nulla. Quos iusto nesciunt quas aperiam. Neque non sed maxime ab.', 0, 'Dolore non nihil vitae accusantium et illo occaecati excepturi. Repellat ad fugit beatae temporibus. Harum et ea rerum deserunt nam voluptatem est. Officiis ad animi nemo voluptas.', '2016-04-02 13:49:06', '2016-04-02 13:49:06', 4, 10),
(424, 'Maximillia Torphy', 11132, 'http://lorempixel.com/640/480/?64484', 4, 'Temporibus praesentium sit ullam. Harum et eius amet. Quia sit non minus consequatur eligendi rerum.', 0, 'Et cum nam architecto veniam. Consequatur aut molestiae repellendus quisquam velit. Et corporis facere laudantium culpa accusamus.', '2016-04-02 13:49:07', '2016-04-02 13:49:07', 4, 10),
(425, 'Nayeli Will', 19498, 'http://lorempixel.com/640/480/?47058', 2, 'Eos velit cupiditate quia eos. Quidem voluptatum fugit ea fugiat possimus. Ut harum quisquam et molestiae ullam.', 1, 'Nisi nobis omnis molestias officiis. Accusamus et aliquam dolorem officia. Voluptatem cumque inventore et eaque sit qui quis. Non quidem praesentium veniam et omnis quo.', '2016-04-02 13:49:07', '2016-04-02 13:49:07', 4, 10),
(426, 'Jeramie Walsh DVM', 15659, 'http://lorempixel.com/640/480/?75976', 2, 'Eveniet quas nostrum quis doloribus. Voluptatum debitis est cumque qui quaerat. Sit rem est voluptas est illum commodi fugit. Libero doloremque saepe quo sit veniam voluptas libero.', 1, 'Quia laudantium veniam sit. Magni quisquam sunt sed velit laudantium eos dignissimos. Officiis debitis quo quod voluptate eaque.', '2016-04-02 13:49:07', '2016-04-02 13:49:07', 4, 11),
(427, 'Herbert Osinski', 2896, 'http://lorempixel.com/640/480/?66469', 3, 'Aut quis eveniet non harum aut. Eligendi et commodi amet porro voluptatibus dolorum libero. Quas temporibus aut nesciunt enim et autem sequi. Nihil sit eum neque consequatur rerum quia quis sed.', 1, 'Ut eligendi vitae recusandae iusto quaerat at sequi. Inventore quia et vel cum consequatur possimus qui. Voluptas aliquid voluptatibus ea qui dolor.', '2016-04-02 13:49:07', '2016-04-02 13:49:07', 4, 11),
(428, 'Mrs. Noemy Robel II', 12941, 'http://lorempixel.com/640/480/?86808', 2, 'Aut eos error vel officia. Quidem enim provident quisquam. Nesciunt accusantium deleniti harum voluptatem id aut doloribus harum.', 1, 'Doloribus quo adipisci maxime. Doloremque eum eaque odio aut aut nesciunt. Est sint ut ut enim est quidem.', '2016-04-02 13:49:07', '2016-04-02 13:49:07', 4, 11),
(429, 'Green Ernser', 18923, 'http://lorempixel.com/640/480/?60819', 3, 'Repellat velit cum nulla quas eligendi. Esse commodi molestiae qui. Et ipsum a sed et commodi corporis. Minima et labore tenetur est.', 1, 'Reprehenderit labore sunt illo rem delectus enim. Mollitia quidem et repellendus vero.', '2016-04-02 13:49:07', '2016-04-02 13:49:07', 4, 11),
(430, 'Prof. Dahlia Schmidt MD', 17632, 'http://lorempixel.com/640/480/?78117', 4, 'Unde fugiat doloribus est sed vel animi totam. Non quis pariatur natus iusto qui culpa.', 0, 'Neque neque quos non illo eligendi. Laudantium porro assumenda molestiae fuga ipsam ut.', '2016-04-02 13:49:07', '2016-04-02 13:49:07', 4, 11),
(431, 'Betty Abshire', 19362, 'http://lorempixel.com/640/480/?79457', 3, 'Vero quibusdam qui velit natus ad. Modi ex reprehenderit voluptate voluptatem aut molestiae.', 1, 'Consequatur iure aut consequatur eaque. Minima facere dignissimos ipsum dolores hic. Doloremque maxime ex voluptate. Dolores et itaque nostrum.', '2016-04-02 13:49:07', '2016-04-02 13:49:07', 4, 12),
(432, 'Prof. Elbert Hayes', 3987, 'http://lorempixel.com/640/480/?35788', 2, 'Aspernatur velit officiis omnis quia libero. Vel dolores tenetur in quia. Tempore voluptatem vel eum ut sed.', 1, 'Sunt iusto rerum officia eius. Fugiat est debitis veritatis facere et. Ut et est dolores.', '2016-04-02 13:49:07', '2016-04-02 13:49:07', 4, 12),
(433, 'Prof. Taylor Langworth', 9933, 'http://lorempixel.com/640/480/?52384', 2, 'Non quis facere enim aperiam accusantium velit occaecati. Neque in cum perspiciatis. Culpa quo aut dolorem quidem ratione consectetur nobis. Similique optio iure dolor culpa id sunt.', 1, 'Et aut temporibus aut repellat. Amet quas eligendi corrupti est enim. In molestiae amet et aliquam. Omnis sapiente corporis eius ut quam nihil dolores.', '2016-04-02 13:49:07', '2016-04-02 13:49:07', 4, 12),
(434, 'Magdalena Jast', 5306, 'http://lorempixel.com/640/480/?91837', 3, 'Possimus et natus architecto fugit quo amet id. Voluptatem similique doloribus reiciendis commodi. Voluptatibus dolores corrupti dignissimos laborum. Ullam praesentium omnis quam sunt.', 1, 'Praesentium omnis id itaque rerum accusantium ab. Vero temporibus similique molestiae adipisci non et quibusdam.', '2016-04-02 13:49:07', '2016-04-02 13:49:07', 4, 12),
(435, 'Donna Legros IV', 19714, 'http://lorempixel.com/640/480/?57901', 3, 'Numquam ex vel eos laboriosam sint. Pariatur ipsam ipsum quae harum soluta quod. Autem eaque distinctio sit. Rerum consequuntur non expedita incidunt.', 0, 'Neque qui qui est. Aut nam possimus ea corporis ut et quo. Sed provident numquam rem veritatis voluptatem dicta. Voluptatem ex occaecati tempore modi doloremque at voluptatum.', '2016-04-02 13:49:07', '2016-04-02 13:49:07', 4, 12),
(436, 'Russel Goyette', 17280, 'http://lorempixel.com/640/480/?30782', 3, 'Enim reiciendis sit velit ex molestias quo. Esse omnis est fugiat corrupti eligendi quam atque qui.', 0, 'Aperiam nihil corrupti quam blanditiis. Eos quo numquam harum earum. Autem suscipit accusantium mollitia dolores deleniti architecto.', '2016-04-02 13:49:07', '2016-04-02 13:49:07', 4, 13),
(437, 'Kyleigh Greenfelder', 18565, 'http://lorempixel.com/640/480/?29695', 2, 'Debitis voluptas deleniti iure accusantium. Cumque minus quia reiciendis itaque est impedit. Hic modi ex dolore libero. Et vel aperiam temporibus impedit cumque laborum laboriosam.', 1, 'Nobis dignissimos voluptatem ducimus. A et nihil ad ipsam.', '2016-04-02 13:49:07', '2016-04-02 13:49:07', 4, 13),
(438, 'Dr. Tess Terry', 7618, 'http://lorempixel.com/640/480/?16565', 4, 'Veniam maxime consequatur quo accusamus nulla. Officiis culpa qui consequuntur quia vel et atque dolores.', 0, 'Vel necessitatibus ea mollitia qui enim consequatur atque. Est ut iste est illum saepe. Possimus molestiae qui at et ut. Est quam sed deserunt atque quo.', '2016-04-02 13:49:07', '2016-04-02 13:49:07', 4, 13),
(439, 'Rodger Hammes', 19468, 'http://lorempixel.com/640/480/?42756', 3, 'Modi impedit delectus rerum deleniti minima et nulla eius. Magni veritatis itaque magnam molestiae possimus. Eum dolores recusandae voluptatem vero.', 0, 'Tenetur quod itaque et ut deserunt dicta. Explicabo iure natus quo perferendis sint veniam et. Nesciunt ut exercitationem animi porro et autem aliquam. Ex non repellendus quod suscipit quae esse.', '2016-04-02 13:49:07', '2016-04-02 13:49:07', 4, 13),
(440, 'Mrs. Bert Rolfson II', 1388, 'http://lorempixel.com/640/480/?89172', 1, 'Qui qui ea voluptas ducimus. Magni enim quaerat ab quisquam quaerat repellendus sunt. Est sed id nam laborum temporibus. Dolores eum rerum blanditiis dolores aspernatur.', 0, 'Est sit non ea quidem. Et occaecati rerum consequatur harum est quo quia. In voluptas facere tempora et nulla nulla. Enim ullam hic sit cum quo. Iure ut voluptate optio similique.', '2016-04-02 13:49:07', '2016-04-02 13:49:07', 4, 13),
(441, 'Jon Nikolaus', 9586, 'http://lorempixel.com/640/480/?80186', 3, 'Iure quod numquam sunt dolore. Vero voluptate facere nam dolorum reprehenderit. Error commodi autem velit id odit error autem dolor.', 0, 'Quo eligendi dolores quisquam iure accusantium aperiam. Et in voluptatem ex. Quisquam nesciunt eius dolorem at perferendis.', '2016-04-02 13:49:07', '2016-04-02 13:49:07', 4, 14),
(442, 'Vida Wyman', 11953, 'http://lorempixel.com/640/480/?25918', 3, 'Et aperiam quibusdam velit quae. Magni aut officiis ipsam repellendus sunt. Ipsa recusandae omnis earum rerum.', 1, 'Dicta quibusdam ipsum vitae. Adipisci hic non dolorem earum libero. Velit aliquam repellat voluptates ipsa assumenda quis ullam.', '2016-04-02 13:49:07', '2016-04-02 13:49:07', 4, 14),
(443, 'Melyna Gleason', 15432, 'http://lorempixel.com/640/480/?69020', 3, 'Est at aperiam autem voluptatem sint. Dolores eos consequatur consequatur. Ipsa vero consequatur et omnis saepe magnam omnis.', 1, 'Ut accusantium consectetur accusamus. Alias et et in iusto aspernatur voluptatem. A id vel doloribus in sunt dolor. Saepe qui quisquam occaecati reiciendis.', '2016-04-02 13:49:07', '2016-04-02 13:49:07', 4, 14),
(444, 'Karolann Doyle', 9343, 'http://lorempixel.com/640/480/?98970', 2, 'Magni veritatis eaque aperiam. Architecto est est ex nobis autem nemo molestiae. Distinctio ea sunt tempora sit est veritatis.', 0, 'Dolorum beatae eaque aperiam est. Ullam tempora quidem inventore dolore ipsum sed ea. Unde harum aut error aut.', '2016-04-02 13:49:07', '2016-04-02 13:49:07', 4, 14),
(445, 'Mariana Romaguera', 10301, 'http://lorempixel.com/640/480/?94049', 2, 'Ea sunt repellat quam aut odit corporis. Nisi ut et debitis quidem quaerat. Repellat ut repellat optio dolor in et. Qui placeat minus ut. Soluta explicabo tempore praesentium at ea.', 0, 'Nesciunt incidunt velit provident sed ut illo. Ut vel necessitatibus sit similique eligendi in corrupti. Dicta repellendus aliquam cumque quia earum. Architecto id est qui quo cumque ex non.', '2016-04-02 13:49:07', '2016-04-02 13:49:07', 4, 14),
(446, 'Bryon Kling', 12046, 'http://lorempixel.com/640/480/?24612', 2, 'At consequatur et et sapiente. Exercitationem sunt nostrum cupiditate aliquid sapiente. Dolorum ut natus qui qui autem aut.', 0, 'Ullam doloribus adipisci eius aut similique consectetur expedita. Quaerat accusantium magni sit earum praesentium. Accusamus sit ut quas atque accusantium.', '2016-04-02 13:49:07', '2016-04-02 13:49:07', 4, 15),
(447, 'Rosanna Hackett', 15835, 'http://lorempixel.com/640/480/?83603', 3, 'Eaque et error harum et excepturi. Quos est veniam quia totam aspernatur quaerat et assumenda. Magnam nihil autem velit similique. Autem aperiam et ut.', 0, 'Amet non et suscipit voluptatem. Iste commodi est dolores. Illo odio animi sed consequatur. Nobis ex voluptatem vitae. Ab eligendi cum voluptatem.', '2016-04-02 13:49:07', '2016-04-02 13:49:07', 4, 15),
(448, 'Ulises McKenzie', 8622, 'http://lorempixel.com/640/480/?84797', 1, 'Assumenda non mollitia ut officiis. Quas eos ut earum et sunt dolores aut. Tenetur voluptatem possimus consectetur velit minus.', 1, 'Doloribus dolores at aliquid esse dolor commodi et. Et dolores illum sed error. Ratione voluptates qui ea aut quia sequi.', '2016-04-02 13:49:08', '2016-04-02 13:49:08', 4, 15),
(449, 'Ansley Brekke MD', 2592, 'http://lorempixel.com/640/480/?97731', 1, 'Ut illum eos et qui. Accusamus aut in aspernatur nihil iste. Corporis vitae officia vel beatae repudiandae aut quidem.\nEt consequatur corporis maxime enim. Porro sed numquam aut reiciendis tempore.', 1, 'Laudantium mollitia distinctio non eos. Et tenetur id iure cum consequatur et quidem. Quaerat est et ipsa necessitatibus necessitatibus aut. Velit aliquam ipsa dolorum ut excepturi.', '2016-04-02 13:49:08', '2016-04-02 13:49:08', 4, 15),
(450, 'Kari Runte', 15825, 'http://lorempixel.com/640/480/?63002', 3, 'Totam velit omnis dolorum quaerat molestiae est similique. Veniam occaecati velit dicta quia vero. Ab tempora assumenda veniam laboriosam quos.', 0, 'Commodi ullam voluptatem unde ipsa ratione. Tenetur ut officiis rerum quia. Dolorem et est est hic officia qui. Reprehenderit non consequatur reprehenderit id. Perferendis eligendi dolorum aut sit.', '2016-04-02 13:49:08', '2016-04-02 13:49:08', 4, 15),
(451, 'Prof. Woodrow Glover', 2807, 'http://lorempixel.com/640/480/?95722', 3, 'Beatae possimus vero molestiae laborum quis et. Qui quidem itaque non ipsa repellat. Officiis sit at libero cupiditate mollitia quos laudantium. Iure qui eos magnam voluptate sit voluptas qui quo.', 0, 'Nam autem aspernatur et impedit nobis qui quam. Cumque eum repudiandae temporibus.', '2016-04-02 13:49:08', '2016-04-02 13:49:08', 4, 16),
(452, 'Amara Schmitt', 5617, 'http://lorempixel.com/640/480/?48619', 3, 'Eaque sunt praesentium voluptatem dignissimos. Consequatur iusto quos sequi ut. Quo dicta nihil vero sint accusamus velit.', 1, 'Necessitatibus occaecati qui officiis sequi at qui magnam. Est rem eaque vitae praesentium totam. Minus quis rem in assumenda quaerat inventore.', '2016-04-02 13:49:08', '2016-04-02 13:49:08', 4, 16),
(453, 'Frieda Ritchie', 5121, 'http://lorempixel.com/640/480/?54108', 4, 'Illo quae voluptate dolor. Similique natus aut ut. Ipsum excepturi dolorem aut exercitationem aut. Sed reprehenderit recusandae aut veniam aut.', 1, 'Excepturi recusandae quam dolorem ad. Omnis saepe voluptas dolorum tempore qui dolore.', '2016-04-02 13:49:08', '2016-04-02 13:49:08', 4, 16),
(454, 'Brando Marks III', 11766, 'http://lorempixel.com/640/480/?95518', 1, 'Ut inventore reiciendis cum laboriosam vitae voluptates aperiam ipsum. Error eum voluptatem necessitatibus harum sit et molestiae. Distinctio est aut repellendus explicabo eos possimus amet.', 1, 'Ut minus ipsam blanditiis aut. Quis sunt magni ut velit. Corrupti voluptas odio quo dicta officiis ut voluptas. Minima quis autem velit perspiciatis culpa velit quis.', '2016-04-02 13:49:08', '2016-04-02 13:49:08', 4, 16),
(455, 'Mr. Will Lakin', 16631, 'http://lorempixel.com/640/480/?54011', 4, 'Id aut modi ad incidunt veritatis porro repellat voluptatem. Commodi magni voluptatem porro quasi eius. Et possimus perspiciatis aut vitae at.', 1, 'Et aut perspiciatis nostrum non laudantium. Repellendus est aut earum qui. Dolores soluta aut ut aut est.', '2016-04-02 13:49:08', '2016-04-02 13:49:08', 4, 16),
(456, 'Beverly Effertz', 16248, 'http://lorempixel.com/640/480/?13969', 1, 'Voluptatem consequatur tempora aspernatur quod repellendus. Pariatur eos molestias voluptates iure quod. Non aut quis ipsum occaecati. Atque totam fuga odit sed nihil ut.', 0, 'Earum consequatur pariatur molestias sunt rerum. Aliquid quas repellat odio enim. Qui tenetur quo ut itaque est numquam et. Dolorum laudantium consequuntur quaerat nostrum soluta est eum.', '2016-04-02 13:49:08', '2016-04-02 13:49:08', 4, 17),
(457, 'Rose Volkman', 16201, 'http://lorempixel.com/640/480/?14972', 2, 'Aliquid qui voluptas illo repellendus. Commodi eveniet qui ipsam. Possimus eius aliquam quam enim.', 0, 'Autem quod impedit eum nihil. Repellat et enim consequatur quaerat sit. Iure debitis et quae dicta. Amet quia hic dolores quia itaque eveniet non ducimus. Rem aut animi magni qui id.', '2016-04-02 13:49:08', '2016-04-02 13:49:08', 4, 17),
(458, 'Prof. Valentin Lockman DVM', 4313, 'http://lorempixel.com/640/480/?82838', 3, 'Et corrupti reprehenderit nemo et. Sed ullam sapiente pariatur facere. Eos et quas quisquam ullam adipisci est. Assumenda asperiores natus et ullam.', 0, 'Ut quae ut qui id. Sapiente iste libero iure id. Aut porro in cumque ullam possimus ea.', '2016-04-02 13:49:08', '2016-04-02 13:49:08', 4, 17),
(459, 'Adam Rosenbaum', 7706, 'http://lorempixel.com/640/480/?73661', 2, 'Id harum dolor reiciendis esse ea. Asperiores sed tenetur quibusdam minima. Velit similique iste incidunt adipisci iure libero ad rerum.', 0, 'Quia dolores fugiat delectus quo. Aut veniam ut est omnis veritatis molestias. Quis vel eos molestias aliquam numquam vitae ab. Reprehenderit velit consectetur sapiente ratione et.', '2016-04-02 13:49:08', '2016-04-02 13:49:08', 4, 17),
(460, 'Glen Lueilwitz IV', 1067, 'http://lorempixel.com/640/480/?47646', 1, 'Aut porro ut ipsam laboriosam. Aliquam fugit placeat est. Maiores in hic rerum cum. Est dolores fuga libero minus maiores similique inventore.', 1, 'Quo occaecati et dolores. Sit excepturi minus ipsa eos. Sed qui est ullam.\nEst excepturi et nihil hic in aliquam. Ducimus deleniti totam ut non nesciunt ipsum. Nobis eum ut earum enim sint.', '2016-04-02 13:49:08', '2016-04-02 13:49:08', 4, 17),
(461, 'Dr. Kennith Jacobs Jr.', 2046, 'http://lorempixel.com/640/480/?75487', 2, 'Qui dicta nobis facilis et perferendis sit animi. Delectus et quo temporibus et rerum distinctio. Voluptatem ducimus nihil est consectetur quas. Similique quae reprehenderit dolores dolore fugiat.', 1, 'Provident quae et velit voluptate minus dolores magni. Omnis quae voluptatem quia tempora laborum blanditiis consequatur amet. Voluptatum et ut dolores ea quas.', '2016-04-02 13:49:08', '2016-04-02 13:49:08', 4, 18),
(462, 'Savanna Wilkinson', 13412, 'http://lorempixel.com/640/480/?18325', 4, 'Eligendi occaecati eos laudantium et vitae provident omnis. Ducimus fugiat est animi voluptatem saepe nobis sequi.', 1, 'Ipsam quis eaque velit repellat. Praesentium velit aliquam minima quasi. Enim eius reiciendis consequatur tempora assumenda tenetur. Repellat minus et necessitatibus doloremque harum delectus.', '2016-04-02 13:49:08', '2016-04-02 13:49:08', 4, 18),
(463, 'Oleta Johnston', 19124, 'http://lorempixel.com/640/480/?45884', 3, 'Recusandae occaecati placeat itaque impedit. Omnis non suscipit enim dolores vel voluptatem omnis. Sunt et quo natus temporibus et tempore ratione. Velit et eveniet sunt veritatis at harum et error.', 1, 'Ex vero et qui. Sunt voluptatum autem molestias. Vitae dolor eveniet totam in. Consequatur ex voluptatum cumque fugit exercitationem.', '2016-04-02 13:49:08', '2016-04-02 13:49:08', 4, 18),
(464, 'Teagan West', 6400, 'http://lorempixel.com/640/480/?37733', 2, 'Nesciunt sed omnis vitae necessitatibus distinctio aut repellendus. Et asperiores reprehenderit aut labore eos. Non non quia minima ipsam aperiam magni.', 0, 'Pariatur nisi maxime reprehenderit eveniet dolores quibusdam eius. Exercitationem vel minima nam ut illum eligendi. Delectus aut quo officiis sit recusandae. Rerum est ex sapiente at aut est rerum.', '2016-04-02 13:49:08', '2016-04-02 13:49:08', 4, 18);
INSERT INTO `food_items` (`id`, `name`, `price`, `image`, `person_count`, `ingredients`, `is_special`, `description`, `created_at`, `updated_at`, `restaurant_id`, `category_id`) VALUES
(465, 'Gerald Schimmel', 7373, 'http://lorempixel.com/640/480/?14785', 2, 'Nam et laborum perferendis quia possimus. Sapiente et maxime quaerat repudiandae qui. Qui quia non reiciendis provident et dolores expedita provident. Perspiciatis eum ut sed non maiores.', 1, 'Voluptatem non necessitatibus facilis autem ipsa vel ullam. Officia autem aliquam quia at perferendis aut molestiae. Nobis veniam culpa assumenda aut. Tenetur provident repellat quo dolor.', '2016-04-02 13:49:08', '2016-04-02 13:49:08', 4, 18),
(466, 'Miss Alexandrea Bernier I', 1214, 'http://lorempixel.com/640/480/?45957', 1, 'Nemo officiis sunt omnis iure cupiditate velit. Velit sed et quod qui et excepturi. Provident iure quis adipisci eos tempora id porro. Quae non sit dolores optio veritatis vel nesciunt.', 1, 'Dolorum molestias iste a fuga. Laboriosam placeat quia sapiente sed voluptatem qui. Eligendi aperiam ut atque quia et. Nihil mollitia autem vel itaque.', '2016-04-02 13:49:08', '2016-04-02 13:49:08', 4, 19),
(467, 'Krista Hodkiewicz', 17681, 'http://lorempixel.com/640/480/?26245', 1, 'Pariatur ab vel qui aspernatur aut aliquam. Quidem nisi id autem et eligendi est quam. Enim laudantium ut harum. Ducimus iure quae illum qui.', 1, 'Sunt iusto minima veniam voluptatum quia pariatur. Et provident explicabo qui ea ut ab consequatur nihil. Ex est quis dolores sed.', '2016-04-02 13:49:08', '2016-04-02 13:49:08', 4, 19),
(468, 'Rae Cole', 18950, 'http://lorempixel.com/640/480/?79724', 1, 'At laborum pariatur veniam. Totam id tempore est quis nobis accusamus sint. Non placeat reiciendis et non.', 1, 'Non modi sed voluptatum provident. Delectus aliquam magnam est voluptatem. Vitae fuga in architecto ex. Perspiciatis consequatur alias ipsum excepturi facilis.', '2016-04-02 13:49:08', '2016-04-02 13:49:08', 4, 19),
(469, 'Brielle Brown', 2994, 'http://lorempixel.com/640/480/?63122', 2, 'Ut dolorum magni non et deleniti ullam. Molestias id sunt et et perspiciatis. Explicabo dolor praesentium nobis quos soluta sed nobis. Sit vitae deserunt accusantium ea.', 0, 'Maxime unde deleniti atque temporibus rerum repudiandae provident. Iste itaque accusamus in saepe perspiciatis non cum. Fuga magni quia amet itaque doloremque labore.', '2016-04-02 13:49:08', '2016-04-02 13:49:08', 4, 19),
(470, 'Houston Kilback', 1300, 'http://lorempixel.com/640/480/?80834', 4, 'Deleniti dolorem molestiae non qui. Impedit dolor natus quo quo est. Ab doloribus qui et quo vel. Aut ex voluptatem sit et.', 1, 'Labore ab explicabo molestiae a itaque. Quis maiores vel eum in iusto ea velit.\nVoluptatem hic dolores commodi numquam temporibus sit. Omnis voluptas dolor consequatur eveniet dolorum in animi.', '2016-04-02 13:49:08', '2016-04-02 13:49:08', 4, 19),
(471, 'Thaddeus Kihn MD', 13517, 'http://lorempixel.com/640/480/?84638', 1, 'Incidunt quas rem et qui quo perspiciatis. Ipsa explicabo quia fugit at. Suscipit pariatur aliquam et mollitia.', 1, 'Excepturi ut et fugit totam. Cumque exercitationem repellat vel velit cupiditate. Et aperiam in maiores necessitatibus.', '2016-04-02 13:49:08', '2016-04-02 13:49:08', 4, 20),
(472, 'Efrain Kiehn II', 13873, 'http://lorempixel.com/640/480/?26969', 4, 'Fugit odit rerum provident a. Voluptatem iste earum qui enim pariatur.', 1, 'Ex ut in voluptatibus possimus non. Soluta ipsa et et velit asperiores aut iure. Quia illo dolor molestiae odio aut impedit laudantium. Architecto nihil commodi quod quibusdam.', '2016-04-02 13:49:08', '2016-04-02 13:49:08', 4, 20),
(473, 'Kyla Ebert', 5234, 'http://lorempixel.com/640/480/?88805', 4, 'Quia eveniet voluptatem voluptatem molestiae. Autem quia totam consequatur. Quo et nemo est. Neque possimus a commodi accusantium eum nulla tempora.', 1, 'Delectus explicabo consectetur ipsa aut. Et placeat eaque officia est. Repellendus earum sit occaecati molestias.', '2016-04-02 13:49:08', '2016-04-02 13:49:08', 4, 20),
(474, 'Precious Waelchi III', 15098, 'http://lorempixel.com/640/480/?53945', 2, 'Enim perspiciatis consequatur optio nobis asperiores. Ut et cupiditate enim est et nihil. Aut tenetur illum quia suscipit saepe.', 1, 'Optio earum ut maiores voluptas doloremque minima distinctio. Beatae totam commodi ea totam aspernatur minima. Quia iure et corporis quidem.', '2016-04-02 13:49:09', '2016-04-02 13:49:09', 4, 20),
(475, 'Dr. Abner McClure I', 5257, 'http://lorempixel.com/640/480/?53548', 4, 'Debitis soluta minus eius. Minima reprehenderit voluptatem rerum odio sint. Numquam facere dolor ad quia. Eaque ab dolorum est et.', 0, 'Ut repellendus aut non at dolorem. Iusto corporis consectetur ipsa placeat dolorem quae. Praesentium architecto dignissimos et rerum deserunt illum.', '2016-04-02 13:49:09', '2016-04-02 13:49:09', 4, 20),
(476, 'Rebeka Medhurst', 15321, 'http://lorempixel.com/640/480/?20081', 4, 'Explicabo a placeat ad cum. Praesentium mollitia aut sed dolorem. Sed quae labore ipsam et architecto consequatur non. Ut repellendus cumque ab.', 1, 'Tenetur odio doloremque enim quidem mollitia nisi vitae. Qui aperiam possimus quasi quo non. Pariatur et est voluptas omnis error quis.', '2016-04-02 13:49:09', '2016-04-02 13:49:09', 4, 21),
(477, 'Genoveva Mann PhD', 17917, 'http://lorempixel.com/640/480/?34751', 4, 'Blanditiis magni hic qui voluptates est deleniti. Cumque delectus sit quas nihil sit ut. Suscipit voluptatem quia aut qui sunt dolor.', 0, 'Facilis est voluptatibus quibusdam est ut rerum voluptas. Voluptate earum non et et sunt. Eaque deleniti distinctio quo rem.', '2016-04-02 13:49:09', '2016-04-02 13:49:09', 4, 21),
(478, 'Harry Rice', 4443, 'http://lorempixel.com/640/480/?12593', 2, 'Autem occaecati natus aspernatur saepe. Et rerum et et similique quas est ea ut. Dolorem voluptatem sunt dolore omnis officia.', 1, 'Culpa ullam perspiciatis aut. Ut illo omnis sequi distinctio ea sit deserunt voluptatem. Aut tenetur error quibusdam qui dolores eum ut.', '2016-04-02 13:49:09', '2016-04-02 13:49:09', 4, 21),
(479, 'Litzy Stoltenberg', 17167, 'http://lorempixel.com/640/480/?12422', 1, 'Quas provident molestiae debitis sed possimus sunt nam. Non ut beatae eos molestiae aut et et. Enim quis at maxime qui qui.', 1, 'Dolores voluptates ut incidunt ut atque. Est laudantium odit possimus. Accusamus unde quia dolorem doloribus eligendi quod fugiat.', '2016-04-02 13:49:09', '2016-04-02 13:49:09', 4, 21),
(480, 'Sherwood Mills', 3438, 'http://lorempixel.com/640/480/?90308', 2, 'Repellendus ut nihil eos nemo quod facilis occaecati. Atque est recusandae eveniet ipsam dolorem. Qui amet et veritatis delectus. Aut cupiditate dolorem et laudantium enim.', 0, 'Accusantium dolores quo dolores nihil reprehenderit eum. Ut quia sunt nam rerum amet amet. Sit nobis occaecati est laudantium sunt tenetur quo. Est provident illum et ducimus quam eaque.', '2016-04-02 13:49:09', '2016-04-02 13:49:09', 4, 21),
(481, 'Nestor Lueilwitz', 9803, 'http://lorempixel.com/640/480/?86258', 1, 'Officiis nulla quia est reiciendis sed incidunt. Expedita cum nam expedita numquam laudantium repellendus ipsum. Ratione qui aut blanditiis consequatur.', 0, 'Quia qui laborum voluptatem quas. Omnis animi ut totam quia consequatur et assumenda reiciendis. Saepe blanditiis minus officia incidunt id. Est ut eveniet sed voluptas.', '2016-04-02 13:49:09', '2016-04-02 13:49:09', 4, 22),
(482, 'Brad Little', 15233, 'http://lorempixel.com/640/480/?49570', 3, 'Est et quos doloribus et quo corrupti. Consequatur non veritatis est ea dolores. Voluptas labore impedit eum quia unde quo placeat.', 1, 'Voluptatum voluptatem voluptas debitis et voluptatibus unde soluta neque. Veniam voluptas ut exercitationem fugit. Nobis sunt non ducimus. Ea temporibus est possimus sed.', '2016-04-02 13:49:09', '2016-04-02 13:49:09', 4, 22),
(483, 'Bernhard Schneider', 2580, 'http://lorempixel.com/640/480/?63532', 3, 'Qui id rerum magnam enim omnis praesentium. Non qui similique aliquam soluta qui ex itaque. Illo porro dolorum totam.', 0, 'Vitae et sed itaque adipisci voluptatem. Incidunt facere maxime consequuntur inventore. Excepturi consequatur qui voluptas ratione ipsa beatae veniam sint. Ipsam debitis aliquam accusamus id est.', '2016-04-02 13:49:09', '2016-04-02 13:49:09', 4, 22),
(484, 'Prof. Etha Feil', 3850, 'http://lorempixel.com/640/480/?43865', 2, 'Facilis vel accusantium ab eos deleniti. Et repudiandae minima consequatur tenetur vitae. Culpa aliquid est repellat quia neque provident suscipit. Consequuntur animi consequatur molestiae qui.', 1, 'Quisquam aspernatur qui ut aliquid. Autem rerum ut cumque adipisci. Deleniti debitis dolorem sed nulla ut ut. Sed eos repudiandae et praesentium.', '2016-04-02 13:49:09', '2016-04-02 13:49:09', 4, 22),
(485, 'Velva Bartoletti PhD', 7117, 'http://lorempixel.com/640/480/?66035', 4, 'Voluptate adipisci et eum aspernatur. In esse omnis facilis quasi totam non nemo. Aut consequatur pariatur accusamus velit officia. Qui similique est quas veniam dicta.', 0, 'Commodi veniam earum sit consectetur aut in sed. Illum eum suscipit sed sunt ratione. Aut consequatur numquam sint.', '2016-04-02 13:49:09', '2016-04-02 13:49:09', 4, 22),
(486, 'Prof. Halie Hettinger V', 6395, 'http://lorempixel.com/640/480/?32901', 3, 'Minima sit voluptate minima eius quibusdam quos. Inventore et rerum voluptas sequi tempora sit. Quasi maiores reiciendis repudiandae enim recusandae.', 1, 'Et quam dolor voluptatem aut magni accusantium. Commodi harum voluptate non quo soluta inventore sequi. Ipsa in cum optio earum. Enim laboriosam nemo quia minima sint.', '2016-04-02 13:49:09', '2016-04-02 13:49:09', 4, 23),
(487, 'Hermann Wyman', 1595, 'http://lorempixel.com/640/480/?55631', 3, 'Et dolorum non dolor magnam cupiditate. Est et possimus omnis odio quibusdam consectetur quia itaque. Est magnam repellendus omnis dicta veniam unde.', 1, 'Quibusdam rem error natus omnis rerum porro adipisci. Omnis minima reiciendis incidunt autem dolorum assumenda atque. Quaerat aliquid illum dolor est et. Id fugit ex omnis qui qui commodi ut.', '2016-04-02 13:49:09', '2016-04-02 13:49:09', 4, 23),
(488, 'Enola Schmitt Sr.', 12637, 'http://lorempixel.com/640/480/?81784', 1, 'Non quaerat quasi vitae nulla. Ea aut quisquam est et minus aut.', 0, 'Facilis eius blanditiis quia deserunt repudiandae totam et. Necessitatibus aspernatur vel illum. Voluptatum ipsum sed non est. Inventore est possimus temporibus.', '2016-04-02 13:49:09', '2016-04-02 13:49:09', 4, 23),
(489, 'Prof. Kaley Smitham', 876, 'http://lorempixel.com/640/480/?97356', 4, 'Assumenda sunt illo dolores. Et et est iste est sint quo saepe. Sit nemo porro voluptatem sint.', 1, 'Nesciunt omnis cum officiis itaque. Pariatur excepturi est quo aliquam omnis. Est debitis consequuntur odit amet.', '2016-04-02 13:49:09', '2016-04-02 13:49:09', 4, 23),
(490, 'Mr. Emory O''Hara DDS', 16474, 'http://lorempixel.com/640/480/?79510', 4, 'Ut doloribus excepturi fugiat perferendis iure ducimus enim. Eos ut possimus illo commodi et similique. Iure in est dolorem non quod. Accusantium dolorem qui ab culpa beatae.', 1, 'Quis quisquam quos repellendus voluptatem et. Inventore sit quidem est repellat sunt ut maiores. Excepturi saepe quaerat dicta recusandae rerum sunt et.', '2016-04-02 13:49:09', '2016-04-02 13:49:09', 4, 23),
(491, 'Lolita Cummings', 12675, 'http://lorempixel.com/640/480/?46426', 2, 'Dolores voluptatem cum porro eligendi corporis. Nobis voluptas ut et doloremque quo consequatur. Qui illum error non enim vel ut. Doloremque explicabo maiores ipsa qui.', 1, 'Nam non natus perspiciatis vitae vel dolor qui. Alias dolores voluptatem et. Tempora voluptas exercitationem fuga et similique. Eligendi tempore est qui.', '2016-04-02 13:49:09', '2016-04-02 13:49:09', 4, 24),
(492, 'Dr. Albin Graham', 10910, 'http://lorempixel.com/640/480/?97477', 3, 'Voluptatem quos vero quia quia tenetur iste. Nam recusandae dicta fugit velit molestiae. Pariatur occaecati eveniet rerum quisquam impedit suscipit ex.', 1, 'Quos non praesentium harum quia praesentium atque. Repudiandae non aperiam iure sunt placeat. Autem est enim nihil consequatur.', '2016-04-02 13:49:09', '2016-04-02 13:49:09', 4, 24),
(493, 'Prof. Madyson Kunde PhD', 3307, 'http://lorempixel.com/640/480/?79107', 1, 'Ullam ea qui et asperiores vero ut deleniti. Velit voluptatem velit voluptas necessitatibus accusamus sint et. Autem ut veniam recusandae quisquam. Quo fugit necessitatibus consequatur in eum.', 0, 'Aliquid laudantium ullam alias cumque eum commodi. Asperiores sapiente necessitatibus ipsa quia. Ex iusto porro sapiente ut officiis fuga.', '2016-04-02 13:49:09', '2016-04-02 13:49:09', 4, 24),
(494, 'Jamaal Howe', 5128, 'http://lorempixel.com/640/480/?90263', 2, 'Omnis rerum et possimus tempore. Dicta rerum eius dolore sed natus et. Amet laboriosam quisquam id fugiat vel. Corporis dignissimos magni sit.', 0, 'Quis reprehenderit perspiciatis nam non consequatur ea asperiores alias. Ipsa quam et officiis maiores. Eos nisi iure odit ullam ipsam blanditiis.', '2016-04-02 13:49:09', '2016-04-02 13:49:09', 4, 24),
(495, 'Prof. Bernard Yost DDS', 9640, 'http://lorempixel.com/640/480/?44056', 3, 'Repellendus ducimus exercitationem officia molestias est repellendus. Harum eaque ratione beatae fugiat minima alias omnis sunt. Est sed tempore assumenda aut.', 1, 'Dicta sit dicta sed. Ex voluptas dolore ad quis. Aut autem molestiae corrupti sint autem atque aut. Commodi voluptatem harum necessitatibus molestiae deleniti et.', '2016-04-02 13:49:09', '2016-04-02 13:49:09', 4, 24),
(496, 'Naomie Wuckert', 15501, 'http://lorempixel.com/640/480/?77573', 1, 'Numquam et recusandae nihil ullam quidem aut. Voluptatibus non iste maxime voluptate quia corporis. Sapiente doloremque at quis nesciunt dolorem exercitationem rerum. Et aut at non et.', 1, 'Molestias error voluptas eaque dolorem rerum fuga eum. Cupiditate vitae perferendis fuga quasi quasi occaecati qui. Reiciendis inventore hic eligendi voluptates.', '2016-04-02 13:49:09', '2016-04-02 13:49:09', 4, 25),
(497, 'Lenny Turcotte PhD', 11586, 'http://lorempixel.com/640/480/?22889', 1, 'Voluptatum quo ea exercitationem soluta qui voluptatum. Laborum ipsam quo et beatae officia. Vel omnis fuga fuga officia ratione. Non suscipit voluptatem excepturi repellendus quo.', 1, 'Iusto odio itaque omnis commodi est. Vel possimus harum iure suscipit non sit ipsam. Impedit quam dolor et et est rerum. Esse rerum natus necessitatibus occaecati.', '2016-04-02 13:49:10', '2016-04-02 13:49:10', 4, 25),
(498, 'Keeley Gulgowski', 4058, 'http://lorempixel.com/640/480/?86713', 4, 'Sunt voluptatibus error velit et nihil officiis. Consequuntur tempora odio et sint qui. Et qui non numquam rerum. Autem eos et suscipit aperiam.', 1, 'A aut dolorem et corrupti aut exercitationem consequuntur. Consequatur ratione tenetur iusto dolores. Sit ea atque beatae labore quis.', '2016-04-02 13:49:10', '2016-04-02 13:49:10', 4, 25),
(499, 'Dr. Reed Haag III', 1149, 'http://lorempixel.com/640/480/?86522', 2, 'Quasi velit voluptatum dolores porro et. Assumenda velit corrupti vero sunt blanditiis minima. Aspernatur doloremque cum temporibus. Incidunt qui aut aperiam quod nesciunt ut rerum in.', 1, 'Et perspiciatis et dolor. Culpa inventore sed quidem enim voluptatum earum ut. Qui ut eius sapiente voluptatem omnis illum.', '2016-04-02 13:49:10', '2016-04-02 13:49:10', 4, 25),
(500, 'Ward Ebert', 5496, 'http://lorempixel.com/640/480/?89768', 4, 'Illum debitis distinctio fugiat porro voluptatem fuga consequatur. Fuga qui et autem alias rerum qui. Exercitationem id molestias dolore rerum sed omnis explicabo quidem. Ipsam nihil esse sit ea.', 0, 'Unde et nisi reiciendis libero doloribus ratione repellat. Nam ratione odio accusamus quo atque incidunt. Quia repudiandae nobis mollitia excepturi praesentium. Nesciunt et labore ut sed velit quis.', '2016-04-02 13:49:10', '2016-04-02 13:49:10', 4, 25),
(501, 'Cary Leuschke', 9159, 'http://lorempixel.com/640/480/?28248', 3, 'Eos omnis quas nulla omnis corporis provident deserunt. Facilis voluptate minima temporibus quo eos nobis ex quidem. Ducimus deleniti maxime accusamus autem harum.', 1, 'At assumenda pariatur aliquid soluta. Maiores autem ut et eligendi architecto ut. Voluptatem dignissimos totam voluptatum qui dolorem.', '2016-04-02 13:49:10', '2016-04-02 13:49:10', 5, 1),
(502, 'Vinnie Waelchi', 4807, 'http://lorempixel.com/640/480/?96809', 1, 'Esse possimus consequatur maiores et repellendus et. Est non incidunt doloribus. Aut consequuntur totam ab.', 1, 'Dolor sunt non ut odio. In consequatur est molestiae sit adipisci eligendi nam. Iure et atque facilis veritatis. Voluptatum eligendi aut qui neque qui cupiditate.', '2016-04-02 13:49:10', '2016-04-02 13:49:10', 5, 1),
(503, 'Mr. Jamir Kovacek', 1524, 'http://lorempixel.com/640/480/?25476', 4, 'Nisi veritatis sed et amet maiores libero incidunt enim. Tempora velit ut sit et. Modi sunt voluptas corporis magnam quas. Mollitia sed velit ex mollitia.', 1, 'Ex officiis qui libero quasi enim. Voluptatem inventore aliquid id saepe. Voluptatem porro porro voluptatibus et nesciunt.', '2016-04-02 13:49:10', '2016-04-02 13:49:10', 5, 1),
(504, 'Jody Walter', 7561, 'http://lorempixel.com/640/480/?81219', 1, 'A unde numquam saepe ut repellat sed et illo. Qui expedita veritatis quas ducimus et omnis quis. Qui repudiandae ipsa veniam quam nam non quaerat. Exercitationem id porro et aliquam.', 1, 'Vel at cumque nihil ab eius dolor. Nobis neque quasi sed ab voluptates fugiat officiis. Laboriosam et natus id porro rem. Ea natus hic nostrum corrupti nihil velit.', '2016-04-02 13:49:10', '2016-04-02 13:49:10', 5, 1),
(505, 'Carey Douglas', 16562, 'http://lorempixel.com/640/480/?57473', 1, 'Aut id iste quis facilis et nihil voluptate. Qui dolor inventore nobis qui est quis quo. Nesciunt aut hic tempora a id velit voluptate ratione.', 1, 'Similique sunt qui voluptatem voluptatem. Ratione esse ea assumenda nam magni. Veritatis quo sint consectetur vel sint. Vero molestiae sit est veniam rerum.', '2016-04-02 13:49:10', '2016-04-02 13:49:10', 5, 1),
(506, 'Cassie Medhurst', 19636, 'http://lorempixel.com/640/480/?82566', 1, 'Dolore iusto harum ut enim repudiandae id sit. Et voluptate neque eligendi aut maxime et temporibus.', 1, 'Sed delectus rerum id pariatur odit. Unde est maiores et ut est expedita dolore. Voluptas nulla alias illo. Ipsam iste aliquid sunt non blanditiis quos inventore quis.', '2016-04-02 13:49:10', '2016-04-02 13:49:10', 5, 2),
(507, 'Terrance Grady Sr.', 15530, 'http://lorempixel.com/640/480/?96537', 2, 'Quis labore inventore sed rerum voluptates quas. Itaque et ullam doloribus quia. Sunt delectus quia quisquam delectus quisquam est veniam. Provident ut sapiente voluptatibus.', 1, 'Est qui et doloremque porro in et. Expedita ut voluptatem error eos. Dolores laboriosam saepe qui error.', '2016-04-02 13:49:10', '2016-04-02 13:49:10', 5, 2),
(508, 'Elena Schoen', 4821, 'http://lorempixel.com/640/480/?66903', 2, 'Omnis ullam et minus explicabo neque perspiciatis. Delectus est consectetur ut qui rerum eum consequuntur. Eveniet qui odio impedit deserunt quia rerum.', 1, 'Numquam dolores sunt provident eligendi voluptates aut. Exercitationem voluptatem quis facilis quis. At reprehenderit delectus voluptas quaerat enim error.', '2016-04-02 13:49:10', '2016-04-02 13:49:10', 5, 2),
(509, 'Patience Schmitt', 10166, 'http://lorempixel.com/640/480/?61608', 3, 'Nam et commodi ex ut voluptates. Deserunt nisi dolorum autem dolores ea suscipit iste. Qui aut quidem delectus vitae quos.', 1, 'Maiores sit dicta est quia et. Exercitationem expedita facere doloremque vel fugit.', '2016-04-02 13:49:10', '2016-04-02 13:49:10', 5, 2),
(510, 'Fredrick Gibson', 7409, 'http://lorempixel.com/640/480/?65586', 1, 'Temporibus fugiat deserunt omnis harum. Sunt sequi quia consequuntur a culpa. Non ex reprehenderit quo consectetur omnis iste.', 0, 'Asperiores in quas officiis non mollitia voluptatibus. Porro sed aut est ut facilis eius. Sed harum et reprehenderit quas repudiandae iure ut. Quisquam explicabo dolorum voluptatem voluptatem.', '2016-04-02 13:49:10', '2016-04-02 13:49:10', 5, 2),
(511, 'Rene Ullrich', 6172, 'http://lorempixel.com/640/480/?45758', 1, 'Et eveniet omnis aut voluptatem quasi eveniet. Laudantium molestiae natus ipsum deleniti ut reiciendis. Consequatur ipsum error et. Repellendus accusantium dicta ipsa quia consequatur voluptatum.', 0, 'Atque tempora debitis qui explicabo qui dolores. Voluptatem odio vero et sunt sequi iste. Odio est est iusto non dolor atque. Totam sequi rem consequatur cumque ratione.', '2016-04-02 13:49:10', '2016-04-02 13:49:10', 5, 3),
(512, 'Keaton Waters', 7755, 'http://lorempixel.com/640/480/?70681', 3, 'Cum incidunt dolores corporis. Ut ducimus aut odit ut quisquam. Velit ratione ut aut quia atque voluptate. Laboriosam quos tenetur sint ab.', 0, 'Explicabo corrupti asperiores est fugit dolorem ut. Esse a aperiam aperiam quidem reiciendis natus est sed. Nemo est reiciendis et dicta aperiam cum dignissimos dicta.', '2016-04-02 13:49:10', '2016-04-02 13:49:10', 5, 3),
(513, 'Myriam Gibson DDS', 17567, 'http://lorempixel.com/640/480/?53960', 2, 'Quibusdam amet cupiditate sit debitis et qui eos. Odit rerum explicabo nam. Ab qui aut tempora laboriosam optio.', 0, 'Dolor tempore dolorem dolores quis minima laboriosam porro. Perspiciatis odio perspiciatis iste quo. Rerum enim reiciendis vero repellendus.', '2016-04-02 13:49:10', '2016-04-02 13:49:10', 5, 3),
(514, 'Randal Powlowski', 18409, 'http://lorempixel.com/640/480/?24282', 4, 'Natus ad ullam perspiciatis ab voluptas. Laboriosam iste ut voluptatem enim. Eos laborum consequuntur veritatis nisi assumenda quis.', 0, 'Quod aut nisi sed aut dicta. Nam fuga assumenda aut est occaecati voluptatem voluptas necessitatibus. Libero id non neque. Maiores vel dolorem ut nesciunt quia.', '2016-04-02 13:49:10', '2016-04-02 13:49:10', 5, 3),
(515, 'Dr. Miller Durgan IV', 444, 'http://lorempixel.com/640/480/?97887', 2, 'Quis sunt minus veritatis consequatur soluta. Voluptatem distinctio aspernatur itaque atque nemo sint. Ipsam in earum magni placeat eum explicabo necessitatibus.', 0, 'Eaque explicabo fuga iure aspernatur id expedita. Ut voluptatem voluptatem neque aut.', '2016-04-02 13:49:10', '2016-04-02 13:49:10', 5, 3),
(516, 'Dr. Brayan Cronin', 13814, 'http://lorempixel.com/640/480/?10615', 3, 'Molestias culpa beatae harum provident. Velit aut nesciunt reiciendis aut eos esse. Id quae autem non pariatur repellat dolor distinctio. Impedit labore sapiente suscipit enim commodi consectetur.', 1, 'Iusto dolor magnam ad excepturi vel quidem doloremque. Officiis voluptas dicta quasi nisi vero aut. Odit dolorem similique quisquam aspernatur.', '2016-04-02 13:49:10', '2016-04-02 13:49:10', 5, 4),
(517, 'Loren Stanton', 18740, 'http://lorempixel.com/640/480/?28778', 1, 'Qui earum qui sint necessitatibus. Reiciendis iusto sunt qui repellat. Voluptates et quo voluptas alias expedita commodi eum. Quae vel fugiat veritatis omnis voluptas repellendus.', 0, 'Magnam officia similique alias dignissimos. Et id ut id incidunt sit. Sed nisi ea qui quos repudiandae odit.', '2016-04-02 13:49:10', '2016-04-02 13:49:10', 5, 4),
(518, 'Bernie Kautzer', 19886, 'http://lorempixel.com/640/480/?16452', 4, 'Consequuntur ut ut et et repellendus incidunt. Laudantium magni quam dicta qui qui id aut incidunt. Fugiat sit minima sunt sit ut accusamus quam nihil. Libero rerum odit ullam reiciendis ex ut.', 1, 'Aut sequi ut omnis explicabo accusamus possimus et. Nostrum harum quo impedit fugit ratione ipsum et.', '2016-04-02 13:49:10', '2016-04-02 13:49:10', 5, 4),
(519, 'Ms. Savannah Lind', 18195, 'http://lorempixel.com/640/480/?87580', 1, 'Sapiente et aspernatur at tempore. Animi accusantium qui et.', 1, 'Non ea enim quia fuga aut consectetur voluptatem. Modi iste facere hic ut. Asperiores rem omnis eos nobis rerum. Deserunt minus molestiae vel quidem suscipit doloribus.', '2016-04-02 13:49:10', '2016-04-02 13:49:10', 5, 4),
(520, 'Trinity O''Kon', 16429, 'http://lorempixel.com/640/480/?63432', 3, 'Eligendi temporibus nihil et rerum non. Beatae est voluptatibus ea qui velit ipsa quas. Velit eaque dolorum fugiat saepe architecto quia quas.', 0, 'Harum facilis possimus reiciendis dolores adipisci corrupti beatae. Autem repellendus sunt rerum rerum. Velit id consequatur est iure repudiandae ea.', '2016-04-02 13:49:10', '2016-04-02 13:49:10', 5, 4),
(521, 'Morris Blick', 2071, 'http://lorempixel.com/640/480/?26118', 1, 'Earum est debitis sint sit. Rerum facilis eaque voluptatum ea. Quia qui cupiditate vel atque est aut voluptatem. Vel labore sit sed ut ipsam.', 0, 'Deserunt tempora illo voluptas deleniti vel quisquam. Quae est quasi eligendi animi laborum ipsam. Labore dolor atque quae dolore. Reiciendis iste sit fugiat quia fuga.', '2016-04-02 13:49:11', '2016-04-02 13:49:11', 5, 5),
(522, 'Deonte Steuber', 14026, 'http://lorempixel.com/640/480/?39608', 2, 'Eligendi et beatae aut. Sit magni enim itaque quia laborum. Fugiat eligendi sint architecto.', 0, 'Modi sapiente tenetur rerum odit facilis vel magnam. Quas totam vel alias.', '2016-04-02 13:49:11', '2016-04-02 13:49:11', 5, 5),
(523, 'Dr. Frederick Zieme', 8846, 'http://lorempixel.com/640/480/?94554', 1, 'Nihil magnam quasi veritatis quis tenetur soluta dolore voluptatum. Odit cumque in voluptatibus cumque perspiciatis et. Eos qui totam dolor occaecati nemo fugit.', 0, 'Voluptate est accusamus magnam qui est nobis fugit. Repellat neque qui quasi accusamus. Qui porro nesciunt consequatur voluptatem.', '2016-04-02 13:49:11', '2016-04-02 13:49:11', 5, 5),
(524, 'Grover Doyle', 15163, 'http://lorempixel.com/640/480/?64730', 2, 'Nam expedita voluptatem pariatur est impedit reprehenderit. Culpa consectetur repellat molestias non quo. Consequatur est minima perspiciatis sit et autem.', 0, 'Quia dolorem et ipsum nihil voluptatem aliquam porro. Corrupti aut itaque et quisquam odit corrupti ullam. Doloribus aspernatur ut animi quod praesentium et.', '2016-04-02 13:49:11', '2016-04-02 13:49:11', 5, 5),
(525, 'Aletha Kunze', 3707, 'http://lorempixel.com/640/480/?82434', 4, 'Sed et reprehenderit enim velit. Quia nihil laboriosam qui. Dolorum asperiores illum ut et omnis quos illo. Sit inventore maiores quisquam sint ad doloremque.', 1, 'Architecto provident consequuntur non animi officia dolore. Est quia perferendis possimus ratione ab minus ad similique. Facilis nisi ducimus velit. Et alias tenetur aliquam.', '2016-04-02 13:49:11', '2016-04-02 13:49:11', 5, 5),
(526, 'Nya Raynor', 4249, 'http://lorempixel.com/640/480/?62220', 2, 'Sint voluptate ut quae praesentium excepturi accusantium inventore. Rerum aliquid consequatur assumenda dolor vel. Ut aut molestiae qui aspernatur.', 1, 'Distinctio sequi et sint est. Quas quaerat nobis aut asperiores. Pariatur eveniet esse aut doloremque dignissimos vel consequatur. Quam earum voluptatem nam nisi et accusamus.', '2016-04-02 13:49:11', '2016-04-02 13:49:11', 5, 6),
(527, 'Delores Krajcik', 11305, 'http://lorempixel.com/640/480/?77097', 2, 'Vero omnis repellat odio non quidem doloremque. Eveniet qui vel omnis dolorem et.', 1, 'Id minima minus sint tempora et placeat. Nam eligendi aut eligendi veritatis cumque maiores dolore. Non incidunt cumque cupiditate doloremque magnam quidem. Tempore a sint molestias mollitia.', '2016-04-02 13:49:11', '2016-04-02 13:49:11', 5, 6),
(528, 'Amir Gorczany', 13999, 'http://lorempixel.com/640/480/?45848', 2, 'Ipsa incidunt quia dolores sed voluptate. Hic aliquam ex dolorem consequuntur voluptas. Et similique reiciendis libero vel neque. Id voluptatum eaque qui sequi nihil in quaerat.', 1, 'Accusamus voluptas ut id vitae. Esse aspernatur nihil nulla distinctio fuga. Ut eos harum assumenda rerum nemo sint id.', '2016-04-02 13:49:11', '2016-04-02 13:49:11', 5, 6),
(529, 'Prof. Jacey Romaguera', 7570, 'http://lorempixel.com/640/480/?98495', 1, 'Fuga esse perspiciatis ea natus nam. Qui sit quidem est. Quod asperiores tempora qui facilis ipsa totam incidunt. Culpa qui consequatur maxime maiores reprehenderit.', 1, 'Minus voluptatibus ratione provident. Magnam reprehenderit dicta sed qui sed at. Perspiciatis similique possimus quam quis unde molestiae et.', '2016-04-02 13:49:11', '2016-04-02 13:49:11', 5, 6),
(530, 'Katarina Franecki', 5493, 'http://lorempixel.com/640/480/?15995', 2, 'Corporis quam exercitationem excepturi eum distinctio. Consectetur enim eum ut placeat quisquam.\nOdit qui consectetur et eaque fugit. Expedita explicabo iste odit tempore veritatis.', 1, 'Magni sint asperiores sint beatae quidem. Rerum voluptas repellendus fugiat eveniet nobis. Nisi id ut voluptate eum molestiae earum. Et non doloribus sint qui earum.', '2016-04-02 13:49:11', '2016-04-02 13:49:11', 5, 6),
(531, 'Rachel Durgan', 5499, 'http://lorempixel.com/640/480/?26186', 4, 'Sint sequi cupiditate error quia. Ducimus eius occaecati qui asperiores quia odit. Commodi excepturi eum sint atque velit cupiditate.', 1, 'Sit voluptates ab eum modi nemo ab. Exercitationem et qui neque. Necessitatibus dolor sed quidem ut et ullam molestiae. Itaque eum tempora est est.', '2016-04-02 13:49:11', '2016-04-02 13:49:11', 5, 7),
(532, 'Dominic Von', 19882, 'http://lorempixel.com/640/480/?90900', 2, 'Ipsum rem vel distinctio eum in pariatur. Impedit quod fugit dolores ducimus. Suscipit optio dolor quis ratione modi.\nAnimi ipsa perferendis deserunt. Sunt nemo esse aut id.', 1, 'Eligendi officia et quos ducimus et. Libero totam et occaecati voluptates molestiae ea. Aut sit a nisi.\nTenetur qui enim nobis quod sed hic. Qui quasi et ea eos ab quaerat. Aut nostrum nihil vitae.', '2016-04-02 13:49:11', '2016-04-02 13:49:11', 5, 7),
(533, 'Nayeli O''Conner', 213, 'http://lorempixel.com/640/480/?52613', 1, 'Repudiandae odit odit qui odit. Omnis accusantium at deserunt saepe illo qui dolorem voluptas. Porro vel ut expedita doloribus ad. Et natus possimus dolores dolores impedit vel adipisci minus.', 0, 'Sit unde expedita qui ducimus saepe. Ut delectus est dignissimos omnis. Officiis culpa sed aut commodi. Aut sit nulla excepturi tempore. Quia inventore consequatur veniam numquam ipsa.', '2016-04-02 13:49:11', '2016-04-02 13:49:11', 5, 7),
(534, 'Prof. Vernon Kirlin III', 6540, 'http://lorempixel.com/640/480/?32117', 3, 'Asperiores esse dignissimos et ut. Rerum consequatur cumque voluptatem et. Aut nobis asperiores id ipsam. Ipsum ea modi ut est quidem consequatur.', 1, 'Impedit similique impedit perferendis. Non ducimus quia omnis ab amet. Ut maiores vitae consequatur culpa cum vel excepturi. Reprehenderit accusamus reprehenderit et. Odit sed quo porro iusto quae.', '2016-04-02 13:49:11', '2016-04-02 13:49:11', 5, 7),
(535, 'Mohammad Thompson', 6626, 'http://lorempixel.com/640/480/?50451', 4, 'Occaecati ut eos et sed magni minus. Numquam nesciunt voluptatem ut eum perferendis dignissimos quia. Sed ea eligendi eligendi vel sed nostrum.', 0, 'Unde nemo cupiditate non vero. Repellat error ex pariatur. Vel at inventore consequuntur placeat.', '2016-04-02 13:49:11', '2016-04-02 13:49:11', 5, 7),
(536, 'Prof. Lucie Jast V', 1240, 'http://lorempixel.com/640/480/?47607', 4, 'Illum perspiciatis sit ut sunt corrupti. Rerum aut quo ratione voluptatem voluptatem impedit qui. Ullam ut perferendis necessitatibus.', 1, 'Non aperiam non ex aut molestias aut. Odio animi omnis dolorum. Labore totam beatae dolore. Id sed fuga ducimus omnis.', '2016-04-02 13:49:11', '2016-04-02 13:49:11', 5, 8),
(537, 'Garland Spencer', 14615, 'http://lorempixel.com/640/480/?91513', 1, 'Sed eos ut repellendus. Modi id nesciunt et vitae repellat dolorum modi. Sunt quia ut nisi. Rerum maiores aut aut est vel sit qui ut.', 0, 'Sed sit ut id minima sit. Explicabo quod quia dolorum. Ea aperiam qui quisquam.', '2016-04-02 13:49:11', '2016-04-02 13:49:11', 5, 8),
(538, 'Delmer Dach', 4261, 'http://lorempixel.com/640/480/?24360', 3, 'Dolores quam corrupti voluptatem nulla. Voluptatem fugiat enim quidem reprehenderit.', 1, 'Minus earum et veritatis quia. Sequi qui eum molestias. Cumque sapiente nulla officia.', '2016-04-02 13:49:11', '2016-04-02 13:49:11', 5, 8),
(539, 'Tomasa Davis', 8228, 'http://lorempixel.com/640/480/?62136', 3, 'Voluptatum a ex excepturi eligendi expedita. Minus iusto occaecati voluptatem a. Facere ut qui quia accusantium ad delectus quia eos. Qui dolor quia enim et minus.', 0, 'Maiores quia eos illo repudiandae. Possimus provident et soluta ducimus labore. Ut aut animi necessitatibus culpa.', '2016-04-02 13:49:11', '2016-04-02 13:49:11', 5, 8),
(540, 'Mose Cummings', 4133, 'http://lorempixel.com/640/480/?67851', 1, 'Eveniet ratione voluptas quibusdam excepturi nesciunt. Facilis facere accusamus qui. Et modi ea qui cumque odio aut exercitationem assumenda.', 1, 'Quae ut maxime quam officia laudantium. Totam unde consequatur alias labore qui. Earum et culpa quasi blanditiis consequatur. Quia repellendus labore qui praesentium rem consequatur.', '2016-04-02 13:49:12', '2016-04-02 13:49:12', 5, 8),
(541, 'Dr. Ayla Hansen III', 19842, 'http://lorempixel.com/640/480/?59377', 2, 'Velit nobis hic quae tenetur. Odit tenetur sed modi eligendi.', 1, 'Sit sint quam accusamus rerum deserunt. Qui debitis aut beatae iste est. Et provident voluptatum et debitis officia fuga. Sapiente et rerum quo iste officiis rerum nostrum.', '2016-04-02 13:49:12', '2016-04-02 13:49:12', 5, 9),
(542, 'Francis Fay', 14688, 'http://lorempixel.com/640/480/?91764', 3, 'Earum facere dignissimos soluta aut magnam maxime. Qui beatae eos et et recusandae. Optio aut et ullam rem illum et. Dolores magni voluptatum qui expedita qui beatae ipsam.', 1, 'Possimus veniam debitis rem quia esse incidunt in id. In natus numquam iste. Quaerat et omnis ut itaque delectus ipsum.', '2016-04-02 13:49:12', '2016-04-02 13:49:12', 5, 9),
(543, 'Hazel Kemmer', 4039, 'http://lorempixel.com/640/480/?91840', 1, 'Et sit et hic minus. Minus aliquid blanditiis autem inventore. Iste accusantium illum quibusdam at sint.', 0, 'Alias quae modi doloribus saepe maxime rerum rerum ut. Nisi voluptatem et qui perferendis voluptatem id atque veritatis. Mollitia non sed enim. Voluptatem ullam ad expedita ut commodi ut.', '2016-04-02 13:49:12', '2016-04-02 13:49:12', 5, 9),
(544, 'Selena Kilback', 18211, 'http://lorempixel.com/640/480/?10781', 2, 'Deserunt beatae ut quis qui. Harum reiciendis quisquam facere facere. Aut quia a et dolorem ut consequuntur voluptatum. Accusantium rem repellendus qui ut.', 1, 'Quia quo repudiandae nobis. Sint illo minus nisi qui ea non. Temporibus quod deleniti aut impedit unde ut minus.', '2016-04-02 13:49:12', '2016-04-02 13:49:12', 5, 9),
(545, 'Marc Wolff I', 11219, 'http://lorempixel.com/640/480/?14468', 2, 'Consequatur sint suscipit culpa consequuntur qui. Ut sunt vel soluta illum doloribus qui. Voluptate nihil autem exercitationem perferendis dolorem quibusdam et.', 0, 'Harum est totam placeat officiis. Accusantium iusto laboriosam reprehenderit sed totam ullam. Doloribus eum qui aliquam aut ea est. Error neque quod est ad.', '2016-04-02 13:49:12', '2016-04-02 13:49:12', 5, 9),
(546, 'Miss Chelsea Leuschke', 17024, 'http://lorempixel.com/640/480/?49002', 3, 'Ratione ut et qui et. Maxime suscipit sed sint excepturi repellendus non. Ut hic nam esse eum eos aut. Amet inventore enim et atque sint eaque.', 1, 'Delectus libero dignissimos reiciendis suscipit. Odit et eveniet quis. Placeat sed dolores voluptas. Enim et possimus ipsa.', '2016-04-02 13:49:12', '2016-04-02 13:49:12', 5, 10),
(547, 'Cary Olson', 4101, 'http://lorempixel.com/640/480/?24434', 3, 'Ea sed ut alias doloremque a natus totam. Exercitationem qui dolore deleniti temporibus sit odio dicta. Magnam unde qui architecto ut. Ratione molestiae maiores maxime commodi omnis consequatur.', 1, 'Sunt occaecati sit aut architecto omnis. Porro neque quidem consequuntur officiis unde perferendis veniam. Nihil amet sunt beatae optio nesciunt non maiores. Qui magni aut qui culpa ad nesciunt.', '2016-04-02 13:49:12', '2016-04-02 13:49:12', 5, 10),
(548, 'Carley Barton I', 11214, 'http://lorempixel.com/640/480/?60575', 1, 'Ad nemo est odit nulla est accusamus fugiat. Dolores hic similique maiores repellendus odio doloribus pariatur. Perspiciatis illo alias dicta. Eaque sint incidunt velit ab accusantium vero.', 1, 'Impedit voluptatem nihil in nisi omnis. Rerum doloribus qui ut in cupiditate repudiandae. Omnis sed nam rerum magnam qui.\nDolore velit voluptatum magni rem. Cupiditate molestiae facilis animi.', '2016-04-02 13:49:12', '2016-04-02 13:49:12', 5, 10),
(549, 'Dr. Casimir Hartmann DDS', 6074, 'http://lorempixel.com/640/480/?11330', 1, 'Est delectus et id nam necessitatibus amet. Numquam quibusdam consectetur non minus. Quos qui quibusdam quo aliquid. Et et consequuntur quibusdam ipsam.', 0, 'Ipsa asperiores consequatur labore. Odit omnis ea magni excepturi quaerat. Non incidunt animi aut hic ea molestiae aut.', '2016-04-02 13:49:12', '2016-04-02 13:49:12', 5, 10),
(550, 'Assunta Rippin', 772, 'http://lorempixel.com/640/480/?49815', 4, 'Velit dicta et qui. Maiores voluptas aut facere ut.', 0, 'Voluptates quo soluta a et. Provident reprehenderit voluptatibus non fuga. Voluptates ipsa officia mollitia dolor perferendis magnam.', '2016-04-02 13:49:12', '2016-04-02 13:49:12', 5, 10),
(551, 'Roma Klocko I', 7540, 'http://lorempixel.com/640/480/?95442', 2, 'Eum sed consequatur tenetur et ullam ullam. Impedit alias veniam ipsam eos quam. Ratione nihil rerum officia consequuntur.', 1, 'Commodi quisquam quis corporis dolorem et sit. Fuga et ipsam eius nostrum aut dolore.', '2016-04-02 13:49:12', '2016-04-02 13:49:12', 5, 11),
(552, 'Hershel Luettgen', 15027, 'http://lorempixel.com/640/480/?61428', 1, 'Quia neque omnis earum quo hic ea sed. Animi mollitia esse rem laboriosam occaecati non optio laudantium. Ut corrupti omnis ex rerum voluptates sit minus. Minus atque vel ratione unde.', 0, 'Et sit expedita sint quo. Nihil est possimus vel esse et. Eum non quo repudiandae quaerat.', '2016-04-02 13:49:12', '2016-04-02 13:49:12', 5, 11),
(553, 'Lennie Ward', 6749, 'http://lorempixel.com/640/480/?69940', 2, 'Voluptas odio molestiae ut minus quaerat dolorem. Facere tenetur quod incidunt veritatis adipisci. Ea aperiam tenetur debitis praesentium.', 0, 'Et itaque molestiae architecto aliquid quia quasi saepe. Ipsam ad fugiat enim mollitia quia aut dolorem. Similique architecto et nihil error nostrum ea.', '2016-04-02 13:49:12', '2016-04-02 13:49:12', 5, 11),
(554, 'Chesley Durgan', 18153, 'http://lorempixel.com/640/480/?87545', 1, 'Nisi ut modi porro eligendi dolores delectus enim. Tenetur possimus ab eius est. Facilis accusamus illum esse et est aspernatur fugiat a.', 1, 'Ea debitis quis aut. Aspernatur omnis qui quod exercitationem quia vero eos. Sint rerum saepe tempora minima ipsa quis possimus. Ut aspernatur ut maxime.', '2016-04-02 13:49:12', '2016-04-02 13:49:12', 5, 11),
(555, 'Madeline Lesch V', 7044, 'http://lorempixel.com/640/480/?84216', 1, 'Maxime earum quisquam eos ad ratione non earum. Sequi reprehenderit quae est. Qui qui quod tempora voluptatum libero.', 0, 'Ratione ab maiores aspernatur dolorem deserunt placeat occaecati. Est voluptatem est facere quo ipsam. Non et voluptas porro voluptates culpa qui.', '2016-04-02 13:49:13', '2016-04-02 13:49:13', 5, 11),
(556, 'Darrell Willms', 19989, 'http://lorempixel.com/640/480/?54701', 1, 'Quas vel eius ex repudiandae ipsum mollitia. Occaecati natus et in est autem. Sed distinctio omnis ab voluptatem quisquam. Aut suscipit ut voluptatem.', 0, 'In iusto velit temporibus sit amet incidunt iusto. Unde quas tempora ut sequi.', '2016-04-02 13:49:13', '2016-04-02 13:49:13', 5, 12),
(557, 'Leila Sawayn V', 15013, 'http://lorempixel.com/640/480/?51284', 1, 'Earum et sed est vel fugit non quasi. Suscipit eligendi fuga accusantium velit et. Cumque sunt deserunt culpa architecto eum. Dignissimos saepe non mollitia facilis.', 0, 'Corporis in inventore qui voluptatum quo nemo. Quasi vel aliquam amet quasi amet vero quos. Qui unde assumenda id ad eius culpa exercitationem.', '2016-04-02 13:49:13', '2016-04-02 13:49:13', 5, 12),
(558, 'Jed Price', 18457, 'http://lorempixel.com/640/480/?74634', 3, 'Optio ut fuga qui nisi molestiae mollitia. Nemo est sed at sed sit quas asperiores. Nihil eius odit corrupti iusto magni aut. Unde molestiae qui quam molestiae minus illo.', 0, 'A et dolore eos sapiente reiciendis velit dolorem. Quam aperiam quas qui quis rerum et. Cum aliquid quo iure iusto rerum ea aperiam labore. Tenetur nam tenetur expedita.', '2016-04-02 13:49:13', '2016-04-02 13:49:13', 5, 12),
(559, 'Pedro Hoppe PhD', 15929, 'http://lorempixel.com/640/480/?94590', 1, 'Architecto odit officiis ut. Enim ut modi tempore fugit maiores dolorum. Et saepe voluptates molestiae exercitationem quo id. Molestiae odio et cumque veritatis.', 0, 'Rerum aut consequuntur aut laborum. Eos atque autem quo non quo. Quod fugiat iste quia et sunt eaque. Qui praesentium assumenda ut aliquam itaque et.', '2016-04-02 13:49:13', '2016-04-02 13:49:13', 5, 12),
(560, 'Dell Kertzmann', 14012, 'http://lorempixel.com/640/480/?84401', 2, 'Ut et voluptatem voluptatum et. Excepturi ducimus nam maiores. Nemo voluptates voluptatum sit blanditiis.', 1, 'Error iusto aut natus repellat voluptatem. Ipsum reiciendis nostrum laudantium optio sapiente. Illum quia officiis porro ut quibusdam numquam.', '2016-04-02 13:49:13', '2016-04-02 13:49:13', 5, 12),
(561, 'Harry Swift', 19613, 'http://lorempixel.com/640/480/?51121', 4, 'Eius velit velit dolor doloremque. Molestias quibusdam veniam incidunt sit aut natus. Asperiores debitis consectetur quia autem necessitatibus praesentium eos.', 0, 'Et aut ex necessitatibus quia molestias quibusdam. Mollitia numquam aut nihil dolores facilis est. Et doloribus odio omnis aliquam alias est sunt quis.', '2016-04-02 13:49:13', '2016-04-02 13:49:13', 5, 13),
(562, 'Edwina Herzog', 847, 'http://lorempixel.com/640/480/?47064', 4, 'Esse voluptatem asperiores eius delectus sit. Magnam voluptas deleniti recusandae.', 1, 'Sed veritatis in aut. Libero vel impedit et quia velit autem et rem. Non qui qui repellendus ducimus. Qui beatae animi ut nemo facilis.', '2016-04-02 13:49:13', '2016-04-02 13:49:13', 5, 13),
(563, 'Juana Wiegand', 763, 'http://lorempixel.com/640/480/?50182', 4, 'Sed non rerum architecto dolor similique. Consequatur repudiandae incidunt at dicta repellat perferendis alias. Fuga cumque sed quis nostrum deleniti vel quis.', 0, 'Et occaecati labore eius quas omnis ut. Odio est quia sit. Quas nobis animi tempore deleniti corporis explicabo. Eaque porro rerum optio quaerat optio.', '2016-04-02 13:49:13', '2016-04-02 13:49:13', 5, 13),
(564, 'Justice Jones', 17904, 'http://lorempixel.com/640/480/?62899', 3, 'Natus quo corporis aut eaque repudiandae autem fugit omnis. Explicabo soluta omnis at ut. Ducimus velit consequuntur eum fugiat doloremque soluta. Cum ipsam qui animi odio quaerat.', 0, 'Voluptatem recusandae et distinctio ipsum. Quia qui enim ea eius. Voluptas consequatur voluptas est id et laudantium in. Ex dolor velit laborum fuga.', '2016-04-02 13:49:13', '2016-04-02 13:49:13', 5, 13),
(565, 'Dr. Enos Dickens', 6867, 'http://lorempixel.com/640/480/?52186', 4, 'Eius enim velit at et inventore exercitationem a. Aperiam omnis et quasi velit suscipit. Maxime fugiat ut quia aspernatur et nulla.', 0, 'Assumenda non quia soluta voluptatem. Sequi aut facere doloremque voluptates expedita sunt ut. Quasi adipisci molestiae facere veritatis est.', '2016-04-02 13:49:13', '2016-04-02 13:49:13', 5, 13),
(566, 'Maye Nikolaus', 11199, 'http://lorempixel.com/640/480/?16139', 3, 'Ut blanditiis et minus ipsam ut non omnis. Quos quidem excepturi doloribus quam.', 0, 'Quisquam et placeat iusto reiciendis. Ipsam voluptatem neque provident incidunt ipsum repudiandae. Maiores aut omnis sunt rem et veniam.', '2016-04-02 13:49:13', '2016-04-02 13:49:13', 5, 14),
(567, 'Dr. Randall Gleichner PhD', 19796, 'http://lorempixel.com/640/480/?90105', 4, 'Blanditiis delectus quas iure quia. Dolore praesentium quaerat libero dolorem et magnam animi autem. Aliquam et et laborum et pariatur.', 0, 'In ut quos sed eveniet. Voluptas aut qui aut nisi. Aut in reprehenderit omnis vero aut iusto temporibus. Accusantium dolore voluptatibus repudiandae perspiciatis omnis dignissimos mollitia.', '2016-04-02 13:49:13', '2016-04-02 13:49:13', 5, 14),
(568, 'Elvis Bins', 2371, 'http://lorempixel.com/640/480/?15333', 1, 'Illum repudiandae architecto aut. Animi commodi blanditiis ut quo eveniet aut earum.', 1, 'Dolores accusantium assumenda repudiandae doloremque ullam qui ut. Et aspernatur rerum vel. Unde consequatur autem libero sunt nulla.', '2016-04-02 13:49:13', '2016-04-02 13:49:13', 5, 14),
(569, 'Lyla Okuneva', 6193, 'http://lorempixel.com/640/480/?33128', 4, 'Perferendis et a enim dolor quo. Et et iste est aliquid dolor facere. Incidunt est dolores nisi corporis culpa et. Accusantium quisquam est quibusdam totam.', 0, 'Quidem minima dolorem atque est libero qui et. Quisquam qui tenetur ullam odio velit. Dicta consectetur ipsa illo. Dolor asperiores distinctio veniam ipsa ullam aspernatur sunt.', '2016-04-02 13:49:13', '2016-04-02 13:49:13', 5, 14),
(570, 'Tressie Kuhn', 17487, 'http://lorempixel.com/640/480/?69430', 4, 'Recusandae id aut quaerat autem. Sapiente quisquam delectus sint sint et doloribus nihil. Occaecati dicta molestiae aliquam.', 0, 'Quasi aut iste ut aut quos dolores. Corporis perferendis nemo deleniti. Dolores alias debitis accusamus repellat est eveniet eum reiciendis.', '2016-04-02 13:49:14', '2016-04-02 13:49:14', 5, 14),
(571, 'Justice Hoeger', 1635, 'http://lorempixel.com/640/480/?58311', 2, 'Incidunt sit ut ut minima odit accusamus natus. Quasi explicabo culpa atque consequatur. Incidunt ut corrupti odit nisi.', 0, 'Assumenda molestiae et velit voluptas rerum quisquam aliquid. Natus id vel asperiores. Aut doloribus ea dolore aliquid velit accusantium reprehenderit.', '2016-04-02 13:49:14', '2016-04-02 13:49:14', 5, 15),
(572, 'Mr. Lance Gulgowski MD', 5168, 'http://lorempixel.com/640/480/?92869', 4, 'Repellendus aut veniam et qui cumque repellendus. Eveniet placeat fuga omnis quis sed nisi repellat. Possimus maxime eum recusandae quis. Quia quisquam sapiente sapiente.', 1, 'Totam consequatur nam fuga ullam earum est in. Eum a libero harum veniam. Labore cum alias labore omnis dolorem voluptates placeat.', '2016-04-02 13:49:14', '2016-04-02 13:49:14', 5, 15),
(573, 'Joanne Nienow I', 17795, 'http://lorempixel.com/640/480/?52689', 2, 'Repellat placeat ipsa excepturi rerum. Non architecto magni exercitationem vel sunt adipisci. Dolore voluptates soluta laboriosam doloremque.', 0, 'Dolor hic vero quibusdam adipisci. Ullam facere et iure dicta blanditiis sint blanditiis. Iste mollitia error accusantium ipsam.', '2016-04-02 13:49:14', '2016-04-02 13:49:14', 5, 15),
(574, 'Fausto Blick Jr.', 16630, 'http://lorempixel.com/640/480/?64955', 1, 'A doloribus quaerat ab ad autem. Nisi veritatis maxime nihil et. Quia amet non eaque qui ad veritatis qui. Inventore sed hic eos molestiae et ut omnis sed.', 1, 'Odio consequatur enim aut enim quaerat ut. Reiciendis et et eum pariatur cupiditate autem. Quod in occaecati doloribus ut et.', '2016-04-02 13:49:14', '2016-04-02 13:49:14', 5, 15),
(575, 'Jermaine Shanahan', 13703, 'http://lorempixel.com/640/480/?37072', 3, 'Tempora velit exercitationem dolores ipsum. Iure dolorem ut porro sint laboriosam. Non voluptatem modi occaecati excepturi et velit. Aut tempora natus hic.', 0, 'Incidunt sapiente at reprehenderit fugiat. Rerum ducimus vel sunt ut recusandae. Repellendus in consectetur maxime illo consequatur ratione praesentium.', '2016-04-02 13:49:14', '2016-04-02 13:49:14', 5, 15),
(576, 'Ms. Janis Lind II', 19201, 'http://lorempixel.com/640/480/?70121', 3, 'Laborum ut nihil corrupti sunt. Sequi in quisquam ex sit et fuga. Molestiae aut deserunt odit voluptas exercitationem id repellendus.', 1, 'Voluptatem et similique labore culpa voluptatem molestiae est. Earum dolor enim molestiae quos quia ut. Labore eius dolore distinctio eligendi dignissimos repellendus.', '2016-04-02 13:49:14', '2016-04-02 13:49:14', 5, 16),
(577, 'Claudie Treutel', 8451, 'http://lorempixel.com/640/480/?89437', 2, 'Fuga nihil doloribus quia autem error inventore. Nihil vel aut consequatur. Consequatur nostrum labore tenetur enim dicta. Maxime commodi cupiditate illo rerum ipsam.', 1, 'Error repudiandae sed nostrum eveniet cum. Totam illo magni qui dolorem quia non repellendus. Excepturi natus et ex dolores recusandae totam autem. Consequuntur dolore natus ut architecto ullam.', '2016-04-02 13:49:14', '2016-04-02 13:49:14', 5, 16),
(578, 'Ivy Greenfelder', 8174, 'http://lorempixel.com/640/480/?26976', 1, 'Rerum sunt nesciunt repellat adipisci. Ea et cumque neque deserunt. Aspernatur ea repellendus id sunt et.', 0, 'Animi facere et beatae quasi unde deleniti voluptate placeat. Autem aut tenetur vitae qui rerum ut. Est praesentium excepturi est dicta.', '2016-04-02 13:49:14', '2016-04-02 13:49:14', 5, 16),
(579, 'Chelsie Barton', 2759, 'http://lorempixel.com/640/480/?15727', 4, 'Et commodi voluptas fugiat aperiam quia dolore omnis. Magni ut consequatur fugit non eos unde omnis. Qui magnam inventore impedit eum laborum debitis.', 0, 'Eligendi velit voluptas ipsam eos omnis rerum ratione totam. Qui ut dicta sequi reprehenderit ut. Ut accusantium molestiae ipsa nemo cumque temporibus.', '2016-04-02 13:49:14', '2016-04-02 13:49:14', 5, 16),
(580, 'Miss Bella Jenkins V', 7514, 'http://lorempixel.com/640/480/?15601', 1, 'Consequatur quidem consectetur aut. Ut temporibus cupiditate nemo non. Earum repellat aspernatur assumenda qui eveniet a ut. Minus quaerat ut nisi asperiores omnis qui distinctio.', 1, 'Dolorem tenetur id vel. Magni cupiditate distinctio vel molestias enim autem. Odit reprehenderit aut commodi. Culpa corrupti at repellendus rerum.', '2016-04-02 13:49:14', '2016-04-02 13:49:14', 5, 16);
INSERT INTO `food_items` (`id`, `name`, `price`, `image`, `person_count`, `ingredients`, `is_special`, `description`, `created_at`, `updated_at`, `restaurant_id`, `category_id`) VALUES
(581, 'Mandy Jacobs', 17224, 'http://lorempixel.com/640/480/?12752', 2, 'Aut nesciunt velit quia dolores veritatis quod deleniti nihil. Corrupti perspiciatis ut earum ipsum tempore. Vero quia earum possimus quos nostrum omnis est provident.', 0, 'Corporis in provident modi vel illum nostrum adipisci laudantium. Numquam asperiores sit nisi. Sint dolor aut non. Ratione aperiam nihil nesciunt velit mollitia et et.', '2016-04-02 13:49:14', '2016-04-02 13:49:14', 5, 17),
(582, 'Jamaal Sanford Jr.', 911, 'http://lorempixel.com/640/480/?26758', 3, 'Quo ipsa sunt id rerum. A quia saepe laborum qui. Sed autem vitae ea suscipit iure nisi.', 1, 'Aut voluptatem exercitationem enim. Occaecati et maxime impedit et aspernatur placeat et. Voluptatem sit voluptatibus aut. Qui maxime laudantium impedit deleniti cupiditate tenetur.', '2016-04-02 13:49:14', '2016-04-02 13:49:14', 5, 17),
(583, 'Mrs. Billie Ebert', 2088, 'http://lorempixel.com/640/480/?78304', 1, 'Necessitatibus ipsa sint qui labore qui voluptas in quia. Impedit incidunt sit quo sequi velit et dolore. Doloribus et sequi eum quasi ut iusto. Ipsa et recusandae iusto quia id.', 1, 'Facere temporibus eligendi vel accusamus. Mollitia hic ut aut fugiat accusamus ut. Et excepturi ea reprehenderit aut iure. Magnam perspiciatis eveniet corporis exercitationem.', '2016-04-02 13:49:14', '2016-04-02 13:49:14', 5, 17),
(584, 'Prof. Rachel Becker', 2432, 'http://lorempixel.com/640/480/?11544', 2, 'Aliquam in porro dolores. Fuga assumenda qui culpa velit. Id sint soluta similique ut labore vitae ipsam minus.', 0, 'Perferendis quia suscipit autem dicta tempora. Quas fugiat voluptas a quidem et minus doloremque. Sed doloremque voluptatem modi qui laudantium officiis. Sed fugit nemo quisquam ex ab necessitatibus.', '2016-04-02 13:49:14', '2016-04-02 13:49:14', 5, 17),
(585, 'Ettie Herzog', 16380, 'http://lorempixel.com/640/480/?97808', 1, 'Fugit libero libero dolores tempore nihil sunt. Accusamus quod a sint accusantium id. Explicabo et iusto sed provident corporis.', 1, 'Voluptatem expedita aut laborum. Sint neque molestias aliquid enim odit eum aut. Sint culpa dolorem est in vel quia et. Excepturi dolorum veritatis et temporibus eaque nisi asperiores.', '2016-04-02 13:49:14', '2016-04-02 13:49:14', 5, 17),
(586, 'Rocky Feeney DVM', 2288, 'http://lorempixel.com/640/480/?22326', 2, 'Distinctio sint esse eum sint quidem illo. Voluptate perferendis ad tempore ut.', 1, 'Sunt tenetur consequuntur praesentium odit consectetur et occaecati velit. Deleniti nisi deleniti similique et earum officia. Odit maxime amet non deleniti ipsam.', '2016-04-02 13:49:15', '2016-04-02 13:49:15', 5, 18),
(587, 'Dr. Trever Kulas', 13088, 'http://lorempixel.com/640/480/?34191', 3, 'Quia perferendis vitae quibusdam rerum aut suscipit neque. Ut libero quia quis aliquid quia et dolor provident. Aut numquam asperiores repudiandae dolorum vero a et inventore.', 1, 'Accusamus officia dolor minus qui minima non voluptatibus. Id nesciunt quisquam ut fuga architecto. Libero error amet voluptas nesciunt laborum laudantium numquam expedita.', '2016-04-02 13:49:15', '2016-04-02 13:49:15', 5, 18),
(588, 'Loyce Muller', 17760, 'http://lorempixel.com/640/480/?66113', 1, 'Minus iure tempore ipsam ea sed illo sunt. Ad quibusdam quia sequi. Veniam debitis vel aut qui voluptatem recusandae laudantium eos. Fugiat cumque consequatur perferendis deleniti.', 0, 'Rem temporibus at ut quia nihil. Explicabo cum accusamus nobis culpa minus sit. Et et vel dolores amet.', '2016-04-02 13:49:15', '2016-04-02 13:49:15', 5, 18),
(589, 'Dayana Rice', 12333, 'http://lorempixel.com/640/480/?33782', 2, 'Officiis doloremque quis dolores dolorem. Consequatur voluptatum optio dolore sapiente. Et et dolores et est. Laboriosam est minima ducimus beatae laborum quisquam provident.', 0, 'Sunt voluptatem facere et molestias soluta ut. Aut debitis voluptate minima repellendus iste tenetur. Nam consequatur rerum debitis qui nisi ipsa.', '2016-04-02 13:49:15', '2016-04-02 13:49:15', 5, 18),
(590, 'Zora Fadel DVM', 273, 'http://lorempixel.com/640/480/?94980', 2, 'Ut consequatur repellat vitae laboriosam fugit. Voluptas commodi sapiente quo beatae similique ducimus. Impedit perspiciatis dolorem dolor doloremque.', 0, 'Quae eum sed neque eveniet a. Maxime numquam aut quod in cupiditate. Molestiae fuga accusamus perferendis error qui.', '2016-04-02 13:49:15', '2016-04-02 13:49:15', 5, 18),
(591, 'Fermin Pollich III', 19237, 'http://lorempixel.com/640/480/?52256', 4, 'Deserunt excepturi illo nemo et voluptatem dolore. Explicabo aut quaerat quisquam est sunt eligendi. Ab nesciunt voluptas repudiandae aut autem et.', 1, 'Harum quis fugiat iste repudiandae. Harum et et saepe soluta et dolores dignissimos. Voluptatem impedit corrupti iusto ipsa voluptatem non saepe.', '2016-04-02 13:49:15', '2016-04-02 13:49:15', 5, 19),
(592, 'Kiara Wilkinson', 6772, 'http://lorempixel.com/640/480/?66404', 1, 'Tenetur earum et consequatur. Ea eum est amet ipsam corporis est. Quo nesciunt minima et. Id quas ea iure minima nihil omnis.', 0, 'Nisi ut ullam eos harum. Ab unde cumque dolor consectetur. Earum dolores officiis quos porro itaque iusto voluptatem.', '2016-04-02 13:49:15', '2016-04-02 13:49:15', 5, 19),
(593, 'Mrs. Ima Fisher', 18006, 'http://lorempixel.com/640/480/?20819', 4, 'Nihil qui libero eligendi non in. Perspiciatis quam aliquid animi fugit enim eum suscipit. Nam ab magnam ipsa aut.', 1, 'Sed error minima voluptatum ratione sed et. Doloribus voluptatibus nemo quidem. Molestiae vitae ut nobis voluptatem quam corrupti maxime ut.', '2016-04-02 13:49:15', '2016-04-02 13:49:15', 5, 19),
(594, 'Miss Joannie Rath', 9325, 'http://lorempixel.com/640/480/?72695', 3, 'Et magnam voluptate fugiat asperiores et omnis provident. Eaque dicta ea dicta debitis est. Esse et nobis nulla quae et quia facilis quaerat.', 0, 'Enim vel eum sint tempore dolore omnis occaecati. Consequatur tempora nihil distinctio qui dolores maiores. Aut qui soluta ut tempore nulla explicabo dolores.', '2016-04-02 13:49:15', '2016-04-02 13:49:15', 5, 19),
(595, 'Ms. Jalyn Ondricka V', 19397, 'http://lorempixel.com/640/480/?48727', 4, 'Neque error molestiae repellat quos. Doloremque blanditiis quos numquam labore omnis. Cum ad vero occaecati. Et minima quasi consequuntur quod tempora architecto.', 1, 'Vel qui et reprehenderit dolorum amet eius quo laborum. Quod explicabo beatae iure consequuntur deleniti perspiciatis illum.', '2016-04-02 13:49:15', '2016-04-02 13:49:15', 5, 19),
(596, 'Miss Verona Bartell', 3027, 'http://lorempixel.com/640/480/?58858', 2, 'Dolorem voluptatem hic at sint veritatis nihil. Illo nulla debitis quasi molestiae. Debitis est maxime nam quis ut molestiae.', 0, 'Impedit et repellat et consectetur veritatis laborum sunt. Ut blanditiis quis id reiciendis. Aliquid itaque ut dolor praesentium.', '2016-04-02 13:49:15', '2016-04-02 13:49:15', 5, 20),
(597, 'Euna Wyman', 5571, 'http://lorempixel.com/640/480/?74332', 3, 'Perferendis aut est corrupti id occaecati sed et. Quo nam officia delectus dicta. Necessitatibus ut eum voluptates rem.', 1, 'Necessitatibus consectetur qui aut delectus. Aut accusantium tempore sunt vel perferendis. Voluptatum labore porro eaque sit. Aspernatur nulla dolorem aut deleniti excepturi odit.', '2016-04-02 13:49:15', '2016-04-02 13:49:15', 5, 20),
(598, 'Dayne Doyle II', 8734, 'http://lorempixel.com/640/480/?72121', 2, 'Sed soluta quas consequatur qui consequuntur et. Nemo quis voluptas id at molestias ea. Aut aperiam est sit laboriosam. Adipisci quia eum aut placeat nostrum delectus quia.', 1, 'Enim atque exercitationem mollitia qui. Quia voluptas voluptatem eligendi velit ullam. Velit consequatur pariatur aut officiis voluptatem odit maiores.', '2016-04-02 13:49:15', '2016-04-02 13:49:15', 5, 20),
(599, 'Michaela Monahan', 8077, 'http://lorempixel.com/640/480/?61253', 3, 'Sunt ea debitis ab autem a est odit sed. Qui magnam delectus omnis beatae accusamus culpa.\nIllo non optio error amet. Voluptatum impedit pariatur ut. Laborum vero facilis est non.', 0, 'Quisquam voluptatem repudiandae molestiae. Harum ea quaerat et nobis autem tenetur quod. Repellendus fuga illo aliquam sequi. Magnam maxime beatae doloremque velit asperiores qui.', '2016-04-02 13:49:15', '2016-04-02 13:49:15', 5, 20),
(600, 'Susie Wilkinson', 6832, 'http://lorempixel.com/640/480/?28745', 2, 'Consequatur quis aut sunt quaerat. Voluptatem magnam veritatis facilis alias eveniet tempora accusantium.', 0, 'Commodi labore repellendus cumque et. Quam reiciendis tempore et qui corrupti consequatur.', '2016-04-02 13:49:16', '2016-04-02 13:49:16', 5, 20),
(601, 'Deven Willms', 9393, 'http://lorempixel.com/640/480/?62442', 3, 'Dolorem aut laboriosam consequuntur quam. Quia blanditiis aut fugiat. Eligendi asperiores eum repellat nisi.', 0, 'Totam quasi minima magnam maiores neque voluptas quisquam consequatur. Voluptas blanditiis quis quo voluptate dolores et quo. Tenetur est id quidem pariatur.', '2016-04-02 13:49:16', '2016-04-02 13:49:16', 5, 21),
(602, 'Elwyn Reinger IV', 13370, 'http://lorempixel.com/640/480/?83514', 2, 'Magnam dicta reprehenderit accusamus. Necessitatibus expedita quod et necessitatibus id. Exercitationem dolorem in eum repudiandae.', 1, 'Aut corrupti et alias laboriosam qui facilis. Cupiditate et distinctio nesciunt est quasi consequuntur iusto. Suscipit velit modi aut. Magni et illum quia reprehenderit aut.', '2016-04-02 13:49:16', '2016-04-02 13:49:16', 5, 21),
(603, 'Dr. Arnold Wisozk Sr.', 9365, 'http://lorempixel.com/640/480/?99757', 2, 'Sapiente veniam nulla natus similique nihil quod in. Beatae suscipit omnis aut non accusantium voluptatem.', 0, 'Et ducimus vitae itaque cumque. Sit aliquid sit et eum odit sed est aliquam. Consequuntur qui placeat nihil facere et sint praesentium.', '2016-04-02 13:49:16', '2016-04-02 13:49:16', 5, 21),
(604, 'Prof. Jordy Spencer DVM', 9804, 'http://lorempixel.com/640/480/?62084', 3, 'Officia vel iste sint quia et vel. Reiciendis sit veritatis laborum aliquid qui neque et. Beatae neque consequatur eos.', 1, 'Id aliquam doloremque sunt voluptatem. Ea quia non molestias incidunt quia accusantium et. Quo quod soluta aut dolorum cupiditate. Corporis modi iste quia reprehenderit.', '2016-04-02 13:49:16', '2016-04-02 13:49:16', 5, 21),
(605, 'Wilmer Marvin', 15539, 'http://lorempixel.com/640/480/?54437', 4, 'Quas quidem maiores molestiae alias sed tempora animi. Aut consequuntur corrupti quos. Vel commodi alias et ipsum. Mollitia omnis est velit delectus est perspiciatis.', 0, 'Sequi quis soluta tempore ut. Exercitationem sapiente quam sit provident tempore repellat expedita enim. Eligendi non dolor quis nesciunt.', '2016-04-02 13:49:16', '2016-04-02 13:49:16', 5, 21),
(606, 'Toby Will', 4884, 'http://lorempixel.com/640/480/?13988', 1, 'Repudiandae corrupti tempore sint voluptatem nisi. Ducimus in iusto suscipit vel. Cum voluptas dolorem alias aut inventore rerum deleniti dicta. Et enim voluptas tempora ab enim.', 1, 'Consectetur architecto adipisci sed natus id et ut accusamus. Quia ratione qui modi incidunt totam omnis rerum. Qui sequi quia beatae rerum.', '2016-04-02 13:49:16', '2016-04-02 13:49:16', 5, 22),
(607, 'Mrs. Athena Brekke Sr.', 8657, 'http://lorempixel.com/640/480/?28771', 1, 'Rerum pariatur et inventore molestiae est. Totam quod et voluptate commodi aut. Sint in quaerat sint repellat sint.', 0, 'Et nihil optio nihil commodi. Officiis voluptatem repudiandae eligendi nostrum deserunt commodi aspernatur. Commodi nihil modi provident earum est architecto sed.', '2016-04-02 13:49:16', '2016-04-02 13:49:16', 5, 22),
(608, 'Mr. Merl Zulauf Sr.', 17404, 'http://lorempixel.com/640/480/?61599', 4, 'Optio sunt quia non dolores aut dolorem atque. Velit odit ut consequuntur quisquam beatae. Nemo adipisci sed enim reprehenderit enim illo nam commodi.', 0, 'Laudantium eum fugiat consequuntur quod vitae a nesciunt. Deleniti voluptas in voluptatum debitis et asperiores sunt. Quos adipisci facere est quasi iure voluptatum incidunt.', '2016-04-02 13:49:16', '2016-04-02 13:49:16', 5, 22),
(609, 'Prof. Octavia Mayer DDS', 19706, 'http://lorempixel.com/640/480/?51782', 3, 'Soluta nihil dicta similique fugiat. Molestias recusandae voluptatem qui ipsam earum.', 1, 'Voluptates aut et quis voluptatem facere. Aut ipsa dicta alias nostrum animi. Pariatur eius et quos dignissimos repudiandae est corrupti. Dolorem perspiciatis aut et animi dolore libero possimus ab.', '2016-04-02 13:49:16', '2016-04-02 13:49:16', 5, 22),
(610, 'Abigayle Hansen', 11149, 'http://lorempixel.com/640/480/?52969', 2, 'Et pariatur labore quo eligendi. Odit optio et dolor ut quae cumque est recusandae. Quas distinctio neque consectetur omnis aperiam quia. Officia consequatur quo ipsam sit et totam.', 1, 'Voluptas qui sed deserunt. Asperiores ipsum veritatis et non recusandae. Culpa qui quaerat et sed repellendus voluptas rerum. Consequuntur ratione vero atque. Nihil enim explicabo autem sed rerum.', '2016-04-02 13:49:16', '2016-04-02 13:49:16', 5, 22),
(611, 'Brice Denesik Sr.', 5024, 'http://lorempixel.com/640/480/?94353', 2, 'Quia ab eos doloribus deleniti amet vel. Earum voluptas officiis voluptatem sed dolorem. Qui aliquam sed sit possimus blanditiis ea.', 0, 'Consequatur fugiat nostrum delectus aut eos. Velit voluptatem incidunt est molestiae. Error tempore adipisci similique sed velit suscipit sit. Debitis officia eligendi dolor et qui et.', '2016-04-02 13:49:16', '2016-04-02 13:49:16', 5, 23),
(612, 'Mr. Green Greenfelder I', 6851, 'http://lorempixel.com/640/480/?70244', 2, 'Praesentium fugit eveniet eligendi molestiae explicabo expedita rerum. Cupiditate qui dolorum ex quibusdam. Voluptas omnis modi eveniet facere omnis. Et minus natus aliquam blanditiis aut cum.', 1, 'Praesentium et dolor blanditiis illum vel impedit. Ut illo commodi et aut assumenda. Tenetur officia ratione ullam.', '2016-04-02 13:49:16', '2016-04-02 13:49:16', 5, 23),
(613, 'Aurelio Greenholt', 15978, 'http://lorempixel.com/640/480/?82549', 3, 'Recusandae id dolore dolor perspiciatis et voluptas est. Placeat nam nam sunt est. Reprehenderit et facere ut velit minus quibusdam dolores tempora.', 1, 'Dicta quis ullam deleniti rerum porro occaecati. Facere aliquid facere exercitationem provident voluptate soluta. Eius commodi aut qui doloribus sint aut aut.', '2016-04-02 13:49:17', '2016-04-02 13:49:17', 5, 23),
(614, 'Christa Erdman', 8985, 'http://lorempixel.com/640/480/?21207', 3, 'Pariatur et doloribus praesentium vel. Ab commodi ut laboriosam illo expedita. Illo doloremque eveniet facilis facere et animi.', 0, 'Nulla quibusdam eos cum optio aliquam accusamus quis laudantium. Quidem dignissimos et maiores tenetur aut ea. Omnis non excepturi dolorum voluptatem sed rem.', '2016-04-02 13:49:17', '2016-04-02 13:49:17', 5, 23),
(615, 'Keanu Smith', 12665, 'http://lorempixel.com/640/480/?81768', 2, 'Eligendi necessitatibus sunt qui qui consequatur adipisci odio. Delectus tenetur qui nemo dolorem. Cumque tempore velit nam et sed quidem ab beatae.', 0, 'Non optio enim pariatur similique quia. Quia sit laboriosam excepturi distinctio. Quia corporis est molestiae dolorem est dignissimos.', '2016-04-02 13:49:17', '2016-04-02 13:49:17', 5, 23),
(616, 'Viola Skiles', 11118, 'http://lorempixel.com/640/480/?34246', 1, 'Porro dolores sed est est. Sit architecto laudantium sit esse consequatur. Iste totam veniam qui officiis aut. Aut aut in amet harum qui ullam.', 1, 'Necessitatibus quaerat tenetur quaerat id sed fugiat et corporis. Aliquid et qui est fugiat aliquam et. Culpa adipisci accusamus alias explicabo amet.', '2016-04-02 13:49:17', '2016-04-02 13:49:17', 5, 24),
(617, 'Helmer Crooks', 1362, 'http://lorempixel.com/640/480/?58502', 1, 'Mollitia saepe amet debitis modi. Pariatur velit voluptatibus sit eos laboriosam nihil voluptatibus. Nostrum sunt qui quo aut.', 0, 'At tempore vel maxime tenetur sit rerum. Ullam odio ea ut quidem voluptates non. Hic unde eius est officia ut quia.', '2016-04-02 13:49:17', '2016-04-02 13:49:17', 5, 24),
(618, 'Savannah Ebert', 10140, 'http://lorempixel.com/640/480/?64559', 2, 'Id iste quas corrupti illo sit repellat laborum maiores. Corrupti omnis voluptatem dolorum necessitatibus aspernatur est est. Minus quia atque dignissimos sint.', 0, 'Eligendi non ullam rem molestiae placeat expedita eos. Debitis architecto ullam nisi nesciunt pariatur quia. Ipsum qui aliquam consequatur voluptatem. Aliquid quibusdam tempore placeat.', '2016-04-02 13:49:17', '2016-04-02 13:49:17', 5, 24),
(619, 'Garland Kreiger', 10233, 'http://lorempixel.com/640/480/?15297', 2, 'Mollitia beatae autem sed at totam non necessitatibus aut. Quas alias voluptas sint quo reiciendis.', 0, 'Nemo aspernatur itaque omnis ullam culpa ab. Quisquam in illo rerum corporis. Ducimus quia non architecto dolores maiores dolore est expedita.', '2016-04-02 13:49:17', '2016-04-02 13:49:17', 5, 24),
(620, 'Miss Kaela Kihn II', 16495, 'http://lorempixel.com/640/480/?16467', 1, 'Molestias quia optio quam. Dolores deserunt molestias reiciendis dolor libero. Quidem nam maxime harum itaque tempora enim tempore. Neque qui consectetur a beatae quos optio rerum.', 0, 'Velit qui molestiae voluptatem dolorem aliquam autem. Dolores est cumque ratione nesciunt qui ut. Eum ut dolorem expedita. Non dolor ut unde.', '2016-04-02 13:49:17', '2016-04-02 13:49:17', 5, 24),
(621, 'Mr. Oren Carter', 1581, 'http://lorempixel.com/640/480/?10008', 1, 'Qui error qui quidem vel. Iusto blanditiis cum dolor. Atque aliquid magni eos odio ut sit.', 1, 'Eos maxime praesentium ipsum reprehenderit. Ipsa at natus eum quaerat nemo. Eaque vitae aut esse sit aut qui velit. Labore provident minus recusandae enim.', '2016-04-02 13:49:17', '2016-04-02 13:49:17', 5, 25),
(622, 'Mr. Dean Greenfelder V', 17751, 'http://lorempixel.com/640/480/?62601', 1, 'Excepturi delectus rem consequatur nulla culpa. Doloribus quibusdam et est repellendus est. Quia rerum cupiditate qui reiciendis ullam eum vel. Voluptas laboriosam dolores ut tempore.', 0, 'Consequatur voluptas voluptatem placeat. Eveniet molestiae consequatur et. Voluptatem repellat eaque maxime et cupiditate vitae reprehenderit. Qui et natus porro consequatur nulla dolor odio laborum.', '2016-04-02 13:49:17', '2016-04-02 13:49:17', 5, 25),
(623, 'Antonina Hills', 14516, 'http://lorempixel.com/640/480/?15869', 1, 'Et delectus ipsam molestiae. Vel natus excepturi numquam non enim voluptatem omnis.', 1, 'Est natus error consequatur molestiae rerum qui. Et voluptatem et maxime optio nihil modi vero. Fugiat ea qui sit laborum iure et. Consequatur explicabo non doloremque sunt quaerat vitae.', '2016-04-02 13:49:17', '2016-04-02 13:49:17', 5, 25),
(624, 'Tatum Mraz', 11297, 'http://lorempixel.com/640/480/?23193', 2, 'Ut sed distinctio nostrum mollitia velit. Neque repellendus necessitatibus totam est voluptatibus modi dolores. Est eos quo aut dolores qui.', 1, 'Ratione at iusto iusto delectus aspernatur. Quasi quia rerum sit id est laudantium et fugiat. Sapiente dolores illo ullam perferendis magnam. Voluptatem repellat perspiciatis omnis est.', '2016-04-02 13:49:17', '2016-04-02 13:49:17', 5, 25),
(625, 'Alisa Daugherty', 7098, 'http://lorempixel.com/640/480/?78083', 2, 'Id ut qui sint soluta tempore incidunt. Enim quae totam et. Neque adipisci ratione repellat. Aliquam exercitationem et tempore ex iusto eaque.', 1, 'Et eos ut accusantium occaecati. Velit est eaque quam quia. Quos molestiae minus ut nulla qui.\nDicta saepe ut amet aut. Dolores placeat consequatur fugiat delectus rem ea adipisci.', '2016-04-02 13:49:17', '2016-04-02 13:49:17', 5, 25),
(626, 'Fish', 100, '/image/foods/20054145983726713.jpg', 1, 'asd', 0, 'qwe', '2016-04-05 00:21:07', '2016-04-05 00:21:07', 7, 26),
(627, 'Egg', 15, '/image/foods/43775145983744413.jpg', 1, 'asd', 0, 'qwe', '2016-04-05 00:24:04', '2016-04-05 00:24:04', 7, 26),
(628, 'Potato', 20, '/image/foods/96586145983755513.jpg', 1, 'asd', 0, 'qwe', '2016-04-05 00:25:55', '2016-04-05 00:25:55', 7, 27),
(629, 'Potalu Chicks', 150, '/image/foods/76386145983766813.jpg', 1, 'Potato, Lady hen', 0, 'Very Testy, Should''t Miss.', '2016-04-05 00:27:48', '2016-04-05 00:27:48', 7, 27),
(630, 'Vaja Vaat', 30, '/image/foods/38175145983812614.jpg', 1, 'Rice', 0, 'qwe', '2016-04-05 00:35:26', '2016-04-05 00:35:26', 8, 28),
(631, 'Golda Curri', 70, '/image/foods/65876145983825314.jpg', 1, 'asd', 0, 'qwe', '2016-04-05 00:37:33', '2016-04-05 00:37:33', 8, 28),
(632, 'Dalian Soup', 35, '/image/foods/14951145983835214.png', 1, 'asd', 0, 'qwe', '2016-04-05 00:39:12', '2016-04-05 00:39:12', 8, 29),
(633, 'Chicken Soup', 60, '/image/foods/98145983842614.jpg', 1, 'asd', 0, 'qwe', '2016-04-05 00:40:26', '2016-04-05 00:40:26', 8, 29),
(634, 'Ham Burger', 200, '/image/foods/23893145983897315.png', 1, 'asd', 0, 'qwe', '2016-04-05 00:47:16', '2016-04-05 00:49:33', 9, 30),
(635, 'Pasta', 190, '/image/foods/98670145983889915.png', 1, 'asd', 0, 'qwe', '2016-04-05 00:48:19', '2016-04-05 00:48:19', 9, 30),
(636, 'Chili Chicken', 150, '/image/foods/21613145983906715.jpg', 1, 'asd', 0, 'qwe', '2016-04-05 00:51:07', '2016-04-05 00:51:07', 9, 31),
(637, 'Hydrabadhi Biryiani', 220, '/image/foods/52817145983916215.jpg', 1, 'asd', 0, 'qwe', '2016-04-05 00:52:42', '2016-04-05 00:52:42', 9, 31),
(638, 'Fish', 50, '/image/foods/56611145983942216.jpg', 1, 'asd', 0, 'qwe', '2016-04-05 00:57:02', '2016-04-05 00:57:02', 10, 32),
(639, 'Potato', 30, '/image/foods/98801145983948516.jpg', 1, 'asd', 0, 'qwe', '2016-04-05 00:58:05', '2016-04-05 00:58:05', 10, 32),
(640, 'Ham Burger', 70, '/image/foods/58509145983965716.png', 1, 'asd', 0, 'qwe', '2016-04-05 01:00:57', '2016-04-05 01:00:57', 10, 33),
(641, 'Pasta', 120, '/image/foods/8829145983970916.png', 1, 'asd', 0, 'qwe', '2016-04-05 01:01:49', '2016-04-05 01:01:49', 10, 33),
(642, 'Fish', 120, '/image/foods/38526145984001717.jpg', 1, 'asd', 0, 'qwe', '2016-04-05 01:06:57', '2016-04-05 01:06:57', 11, 34),
(643, 'Potalu Chicks', 60, '/image/foods/11942145984006517.jpg', 1, 'asd', 0, 'qwe', '2016-04-05 01:07:45', '2016-04-05 01:07:45', 11, 34),
(644, 'Chicken Soup', 120, '/image/foods/87739145984014017.jpg', 1, 'asd', 0, 'qwe', '2016-04-05 01:09:00', '2016-04-05 01:09:00', 11, 35),
(645, 'Dalian Soup', 70, '/image/foods/54245145984022517.png', 1, 'asd', 0, 'qwe', '2016-04-05 01:10:25', '2016-04-05 01:10:25', 11, 35);

-- --------------------------------------------------------

--
-- Table structure for table `migrations`
--

CREATE TABLE IF NOT EXISTS `migrations` (
  `migration` varchar(255) COLLATE utf8_unicode_ci NOT NULL,
  `batch` int(11) NOT NULL
) ENGINE=InnoDB DEFAULT CHARSET=utf8 COLLATE=utf8_unicode_ci;

--
-- Dumping data for table `migrations`
--

INSERT INTO `migrations` (`migration`, `batch`) VALUES
('2014_10_12_000000_create_users_table', 1),
('2014_10_12_100000_create_password_resets_table', 1),
('2016_03_12_165245_create_retaurants_table', 1),
('2016_03_12_171804_add_restaurant_id_to_users_table', 1),
('2016_03_13_125508_create_catagories_table', 1),
('2016_03_14_013810_create_food_items_table', 1),
('2016_03_14_015020_add_category_id_and_restaurant_id_to_food_items_table', 1),
('2016_03_26_050858_create_orders_table', 1),
('2016_03_26_053754_add_restaurant_id_to_orders_table', 1),
('2016_03_26_062236_create_order_food_items_table', 1),
('2016_03_26_062814_add_order_id_and_food_id_to_order_food_items_table', 1),
('2016_03_26_191102_add_restaurant_id_to_catagories_table', 1),
('2016_04_02_193940_create_delivery_men_table', 1);

-- --------------------------------------------------------

--
-- Table structure for table `orders`
--

CREATE TABLE IF NOT EXISTS `orders` (
  `id` int(10) unsigned NOT NULL,
  `contact` varchar(11) COLLATE utf8_unicode_ci NOT NULL,
  `address` varchar(255) COLLATE utf8_unicode_ci NOT NULL,
  `is_valid` tinyint(1) NOT NULL,
  `is_paid` tinyint(1) NOT NULL,
  `is_blacklisted` tinyint(1) NOT NULL,
  `total_price` int(11) NOT NULL,
  `delivered_by` varchar(255) COLLATE utf8_unicode_ci NOT NULL,
  `created_at` timestamp NULL DEFAULT NULL,
  `updated_at` timestamp NULL DEFAULT NULL,
  `restaurant_id` int(10) unsigned NOT NULL
) ENGINE=InnoDB AUTO_INCREMENT=42 DEFAULT CHARSET=utf8 COLLATE=utf8_unicode_ci;

--
-- Dumping data for table `orders`
--

INSERT INTO `orders` (`id`, `contact`, `address`, `is_valid`, `is_paid`, `is_blacklisted`, `total_price`, `delivered_by`, `created_at`, `updated_at`, `restaurant_id`) VALUES
(1, '407-241-104', '2848 Wolf Meadow Suite 149\nLake Monamouth, WV 71701-9642', 1, 0, 0, 2862, 'Trudie Doyle Sr.', '2016-04-02 13:49:18', '2016-04-03 02:50:27', 1),
(2, '1-154-287-3', '13812 Orion Field Apt. 660\nStiedemannstad, AL 61000', 0, 0, 1, 2199, 'Calista Towne', '2016-04-02 13:49:18', '2016-04-04 05:58:44', 1),
(3, '(695)100-03', '99083 Kuhic Shoals Apt. 578\nLebsackborough, MO 92917', 0, 0, 1, 13703, 'Prof. Maximillia Fahey Sr.', '2016-04-02 13:49:18', '2016-04-04 05:58:45', 1),
(4, '883-881-138', '6986 Maxime Port\nWest Selenaburgh, WV 14417-3742', 1, 0, 0, 10989, 'Carmen Mitchell', '2016-04-02 13:49:18', '2016-04-02 14:53:09', 2),
(5, '08122156227', '33132 Mariana Spurs\nKariannefort, VT 36440', 1, 0, 0, 3152, 'Emil Schumm', '2016-04-02 13:49:18', '2016-04-03 02:50:32', 2),
(6, '01111002615', '954 Auer Skyway\nWest Alexanne, TX 34674', 1, 0, 0, 19608, 'Mrs. Katlynn Harvey Jr.', '2016-04-02 13:49:18', '2016-04-04 05:59:49', 2),
(7, '00087137294', '07804 Jazlyn Spring\nCiarashire, MD 81318', 1, 0, 0, 6703, 'Lelia Bechtelar', '2016-04-02 13:49:18', '2016-04-04 05:58:48', 3),
(8, '(369)008-41', '235 Daniel Stream Apt. 338\nIsacmouth, OK 04242-0229', 1, 0, 0, 8218, 'Jordan Will', '2016-04-02 13:49:18', '2016-04-02 14:53:11', 3),
(9, '00881974712', '138 Macey Stream\nPort Ryleemouth, TN 85256-8318', 0, 0, 0, 19223, 'Abraham Gerhold', '2016-04-02 13:49:18', '2016-04-02 13:49:18', 3),
(10, '(923)754-56', '95362 Moore Causeway\nManteburgh, MT 16233', 1, 0, 0, 19240, 'Krystal Huels', '2016-04-02 13:49:18', '2016-04-03 02:50:35', 4),
(11, '(191)621-16', '3131 Boehm Mill Suite 855\nRaynorport, IL 97655-7956', 0, 0, 0, 3935, 'Niko Schaefer', '2016-04-02 13:49:18', '2016-04-02 13:49:18', 4),
(12, '(589)025-02', '23875 Spencer Lane\nLake Jamie, KY 45853', 1, 0, 0, 12719, 'Agustina Ritchie', '2016-04-02 13:49:19', '2016-04-02 14:53:14', 4),
(13, '724-537-644', '7068 Presley Isle Suite 762\nEast Danyka, NH 95604', 0, 0, 0, 2481, 'Mr. Jayson Kerluke III', '2016-04-02 13:49:19', '2016-04-02 13:49:19', 5),
(14, '876-314-102', '61990 Bergstrom Pike\nWilmaton, FL 15245', 1, 0, 0, 9463, 'Roslyn Berge', '2016-04-02 13:49:19', '2016-04-03 02:50:38', 5),
(15, '(985)354-77', '4824 Jennie Valley Apt. 245\nEast Rustyville, WY 99601', 0, 0, 1, 8066, 'Wade Jacobi', '2016-04-02 13:49:19', '2016-04-05 09:48:27', 5),
(16, '01553572766', 'East Jordane', 0, 0, 0, 59441, 'Reanna Wyman V', '2016-04-02 14:00:32', '2016-04-02 14:00:32', 3),
(17, '01553572766', 'East Jordane', 0, 0, 0, 59441, 'Reanna Wyman V', '2016-04-02 14:06:00', '2016-04-02 14:30:03', 3),
(18, '01553572766', 'East Jordane', 1, 0, 0, 59441, 'Reanna Wyman V', '2016-04-02 14:06:39', '2016-04-05 09:48:11', 3),
(19, '01553572766', 'East Jordane', 0, 0, 1, 59441, 'Reanna Wyman V', '2016-04-02 14:09:25', '2016-04-02 14:28:51', 3),
(20, '01553572766', 'East Jordane', 0, 0, 1, 59441, 'Reanna Wyman V', '2016-04-02 14:26:39', '2016-04-02 14:28:48', 3),
(21, '01553572766', 'East Jordane', 0, 0, 0, 59441, 'Reanna Wyman V', '2016-04-02 14:30:03', '2016-04-02 14:30:03', 4),
(22, '987654', 'Bruen', 0, 0, 0, 65677, 'Prof. Danny Carroll', '2016-04-02 14:35:15', '2016-04-02 14:35:15', 1),
(23, '102938347', 'Barrowsborough', 0, 0, 0, 45769, 'Mr. Jocelyn Schultz DDS', '2016-04-02 14:38:42', '2016-04-02 14:38:42', 2),
(24, '01553572766', 'East Jordane', 0, 0, 0, 34155, 'Reanna Wyman V', '2016-04-03 02:38:33', '2016-04-03 02:38:33', 3),
(25, '00998877665', 'Pfeffer', 0, 0, 0, 22559, 'Ivah Willms V', '2016-04-03 02:41:18', '2016-04-03 02:41:18', 4),
(26, '015597856', 'Mirpur', 0, 0, 0, 64124, 'Shohan', '2016-04-04 21:22:58', '2016-04-04 21:22:58', 1),
(27, '12345', 'Mirpur', 1, 0, 0, 120, 'Shohan', '2016-04-05 01:20:28', '2016-04-05 01:22:44', 7),
(28, '09866454', 'topobon', 0, 0, 0, 120, 'Nowshad', '2016-04-05 01:26:31', '2016-04-05 01:26:31', 9),
(29, '12345', 'Mirpur', 0, 0, 0, 0, 'Shohan', '2016-04-05 01:29:56', '2016-04-05 01:29:56', 7),
(30, '01677311158', 'Amborkhana', 0, 0, 0, 135, 'Sourav', '2016-04-05 01:32:10', '2016-04-05 01:32:10', 8),
(31, '1234567854', 'Amborkhana', 0, 0, 0, 1813, 'Sourav', '2016-04-05 01:33:01', '2016-04-05 01:33:01', 2),
(32, '01521111347', 'Surma', 0, 0, 0, 120, 'Kakon', '2016-04-05 01:34:04', '2016-04-05 01:34:04', 11),
(33, '01723760042', 'Modina Market', 0, 0, 0, 80, 'Dipu', '2016-04-05 01:36:09', '2016-04-05 01:36:09', 10),
(34, '01864528087', 'Surma', 0, 0, 0, 600, 'Kakon', '2016-04-05 01:37:48', '2016-04-05 01:37:48', 9),
(35, '01624898169', 'Zindabazar', 0, 0, 0, 240, 'Shazid', '2016-04-05 01:39:30', '2016-04-05 01:39:30', 10),
(36, '0192764657', 'Pathantula', 0, 0, 0, 320, 'Zillur', '2016-04-05 01:45:48', '2016-04-05 01:45:48', 11),
(37, '324567890', 'Surma', 0, 0, 0, 250, 'Kakon', '2016-04-05 02:03:36', '2016-04-05 02:03:36', 7),
(38, '9087654', 'Modina Market', 0, 0, 0, 100, 'Dipu', '2016-04-05 02:04:33', '2016-04-05 02:04:33', 9),
(39, '09876543', 'Amborkhana', 1, 0, 0, 150, 'Sourav', '2016-04-05 02:05:41', '2016-04-05 02:07:42', 10),
(40, '123', 'Surma', 1, 0, 0, 120, 'Kakon', '2016-04-05 04:38:23', '2016-04-05 04:42:13', 10),
(41, '12345', 'SUST', 0, 0, 0, 30, 'Shopon', '2016-04-05 04:40:14', '2016-04-05 04:40:14', 8);

-- --------------------------------------------------------

--
-- Table structure for table `order_food_items`
--

CREATE TABLE IF NOT EXISTS `order_food_items` (
  `id` int(10) unsigned NOT NULL,
  `quantity` int(11) NOT NULL,
  `price` int(11) NOT NULL,
  `created_at` timestamp NULL DEFAULT NULL,
  `updated_at` timestamp NULL DEFAULT NULL,
  `order_id` int(10) unsigned NOT NULL,
  `food_id` int(10) unsigned NOT NULL
) ENGINE=InnoDB AUTO_INCREMENT=105 DEFAULT CHARSET=utf8 COLLATE=utf8_unicode_ci;

--
-- Dumping data for table `order_food_items`
--

INSERT INTO `order_food_items` (`id`, `quantity`, `price`, `created_at`, `updated_at`, `order_id`, `food_id`) VALUES
(1, 9, 5617, '2016-04-02 13:49:19', '2016-04-02 13:49:19', 1, 452),
(2, 1, 13987, '2016-04-02 13:49:19', '2016-04-02 13:49:19', 1, 304),
(3, 2, 18661, '2016-04-02 13:49:19', '2016-04-02 13:49:19', 2, 267),
(4, 7, 17715, '2016-04-02 13:49:19', '2016-04-02 13:49:19', 2, 269),
(5, 9, 14378, '2016-04-02 13:49:19', '2016-04-02 13:49:19', 3, 49),
(6, 0, 7392, '2016-04-02 13:49:19', '2016-04-02 13:49:19', 4, 264),
(7, 4, 5527, '2016-04-02 13:49:19', '2016-04-02 13:49:19', 4, 292),
(8, 4, 10140, '2016-04-02 13:49:19', '2016-04-02 13:49:19', 4, 618),
(9, 2, 5128, '2016-04-02 13:49:19', '2016-04-02 13:49:19', 5, 494),
(10, 2, 12367, '2016-04-02 13:49:19', '2016-04-02 13:49:19', 5, 403),
(11, 8, 7706, '2016-04-02 13:49:19', '2016-04-02 13:49:19', 5, 459),
(12, 1, 19521, '2016-04-02 13:49:19', '2016-04-02 13:49:19', 5, 368),
(13, 1, 3305, '2016-04-02 13:49:19', '2016-04-02 13:49:19', 6, 201),
(14, 2, 17681, '2016-04-02 13:49:19', '2016-04-02 13:49:19', 6, 467),
(15, 3, 1004, '2016-04-02 13:49:19', '2016-04-02 13:49:19', 6, 412),
(16, 8, 13610, '2016-04-02 13:49:20', '2016-04-02 13:49:20', 6, 228),
(17, 2, 1300, '2016-04-02 13:49:20', '2016-04-02 13:49:20', 7, 470),
(18, 2, 1504, '2016-04-02 13:49:20', '2016-04-02 13:49:20', 7, 96),
(19, 4, 10979, '2016-04-02 13:49:20', '2016-04-02 13:49:20', 7, 296),
(20, 6, 18178, '2016-04-02 13:49:20', '2016-04-02 13:49:20', 8, 79),
(21, 7, 10288, '2016-04-02 13:49:20', '2016-04-02 13:49:20', 9, 99),
(22, 4, 6749, '2016-04-02 13:49:20', '2016-04-02 13:49:20', 10, 553),
(23, 2, 18565, '2016-04-02 13:49:20', '2016-04-02 13:49:20', 10, 437),
(24, 5, 17904, '2016-04-02 13:49:20', '2016-04-02 13:49:20', 10, 9),
(25, 0, 15013, '2016-04-02 13:49:20', '2016-04-02 13:49:20', 11, 557),
(26, 4, 15283, '2016-04-02 13:49:20', '2016-04-02 13:49:20', 11, 108),
(27, 8, 7514, '2016-04-02 13:49:20', '2016-04-02 13:49:20', 12, 580),
(28, 6, 1545, '2016-04-02 13:49:20', '2016-04-02 13:49:20', 13, 423),
(29, 7, 18178, '2016-04-02 13:49:20', '2016-04-02 13:49:20', 13, 79),
(30, 3, 14352, '2016-04-02 13:49:20', '2016-04-02 13:49:20', 14, 215),
(31, 6, 6074, '2016-04-02 13:49:20', '2016-04-02 13:49:20', 14, 549),
(32, 5, 8755, '2016-04-02 13:49:20', '2016-04-02 13:49:20', 15, 72),
(33, 7, 804, '2016-04-02 13:49:20', '2016-04-02 13:49:20', 15, 290),
(34, 2, 5360, '2016-04-02 14:00:32', '2016-04-02 14:00:32', 16, 251),
(35, 1, 13686, '2016-04-02 14:00:32', '2016-04-02 14:00:32', 16, 254),
(36, 1, 2570, '2016-04-02 14:00:32', '2016-04-02 14:00:32', 16, 506),
(37, 1, 19993, '2016-04-02 14:00:32', '2016-04-02 14:00:32', 16, 502),
(38, 2, 6236, '2016-04-02 14:00:32', '2016-04-02 14:00:32', 16, 1),
(39, 2, 5360, '2016-04-02 14:06:00', '2016-04-02 14:06:00', 17, 251),
(40, 1, 13686, '2016-04-02 14:06:00', '2016-04-02 14:06:00', 17, 254),
(41, 1, 2570, '2016-04-02 14:06:00', '2016-04-02 14:06:00', 17, 506),
(42, 1, 19993, '2016-04-02 14:06:00', '2016-04-02 14:06:00', 17, 502),
(43, 2, 6236, '2016-04-02 14:06:00', '2016-04-02 14:06:00', 17, 1),
(44, 2, 5360, '2016-04-02 14:06:39', '2016-04-02 14:06:39', 18, 251),
(45, 1, 13686, '2016-04-02 14:06:39', '2016-04-02 14:06:39', 18, 254),
(46, 1, 2570, '2016-04-02 14:06:39', '2016-04-02 14:06:39', 18, 506),
(47, 1, 19993, '2016-04-02 14:06:39', '2016-04-02 14:06:39', 18, 502),
(48, 2, 6236, '2016-04-02 14:06:39', '2016-04-02 14:06:39', 18, 1),
(49, 2, 5360, '2016-04-02 14:09:25', '2016-04-02 14:09:25', 19, 251),
(50, 1, 13686, '2016-04-02 14:09:25', '2016-04-02 14:09:25', 19, 254),
(51, 1, 2570, '2016-04-02 14:09:25', '2016-04-02 14:09:25', 19, 506),
(52, 1, 19993, '2016-04-02 14:09:26', '2016-04-02 14:09:26', 19, 502),
(53, 2, 6236, '2016-04-02 14:09:26', '2016-04-02 14:09:26', 19, 1),
(54, 2, 5360, '2016-04-02 14:26:39', '2016-04-02 14:26:39', 20, 251),
(55, 1, 13686, '2016-04-02 14:26:39', '2016-04-02 14:26:39', 20, 254),
(56, 1, 2570, '2016-04-02 14:26:39', '2016-04-02 14:26:39', 20, 506),
(57, 1, 19993, '2016-04-02 14:26:39', '2016-04-02 14:26:39', 20, 502),
(58, 2, 6236, '2016-04-02 14:26:39', '2016-04-02 14:26:39', 20, 1),
(59, 2, 5360, '2016-04-02 14:30:03', '2016-04-02 14:30:03', 21, 251),
(60, 1, 13686, '2016-04-02 14:30:03', '2016-04-02 14:30:03', 21, 254),
(61, 1, 2570, '2016-04-02 14:30:03', '2016-04-02 14:30:03', 21, 506),
(62, 1, 19993, '2016-04-02 14:30:03', '2016-04-02 14:30:03', 21, 502),
(63, 2, 6236, '2016-04-02 14:30:03', '2016-04-02 14:30:03', 21, 1),
(64, 2, 5360, '2016-04-02 14:35:15', '2016-04-02 14:35:15', 22, 251),
(65, 1, 13686, '2016-04-02 14:35:15', '2016-04-02 14:35:15', 22, 254),
(66, 1, 2570, '2016-04-02 14:35:15', '2016-04-02 14:35:15', 22, 506),
(67, 1, 19993, '2016-04-02 14:35:15', '2016-04-02 14:35:15', 22, 502),
(68, 3, 6236, '2016-04-02 14:35:15', '2016-04-02 14:35:15', 22, 1),
(69, 1, 1813, '2016-04-02 14:38:42', '2016-04-02 14:38:42', 23, 126),
(70, 1, 16607, '2016-04-02 14:38:42', '2016-04-02 14:38:42', 23, 128),
(71, 1, 14526, '2016-04-02 14:38:42', '2016-04-02 14:38:42', 23, 134),
(72, 1, 6492, '2016-04-02 14:38:42', '2016-04-02 14:38:42', 23, 133),
(73, 1, 6331, '2016-04-02 14:38:42', '2016-04-02 14:38:42', 23, 225),
(74, 1, 602, '2016-04-03 02:38:33', '2016-04-03 02:38:33', 24, 252),
(75, 3, 953, '2016-04-03 02:38:33', '2016-04-03 02:38:33', 24, 251),
(76, 2, 15347, '2016-04-03 02:38:33', '2016-04-03 02:38:33', 24, 255),
(77, 1, 14986, '2016-04-03 02:41:18', '2016-04-03 02:41:18', 25, 379),
(78, 1, 3005, '2016-04-03 02:41:18', '2016-04-03 02:41:18', 25, 380),
(79, 1, 4568, '2016-04-03 02:41:18', '2016-04-03 02:41:18', 25, 390),
(80, 2, 17609, '2016-04-04 21:22:58', '2016-04-04 21:22:58', 26, 1),
(81, 2, 14453, '2016-04-04 21:22:58', '2016-04-04 21:22:58', 26, 2),
(82, 1, 100, '2016-04-05 01:20:28', '2016-04-05 01:20:28', 27, 626),
(83, 1, 20, '2016-04-05 01:20:28', '2016-04-05 01:20:28', 27, 628),
(84, 1, 100, '2016-04-05 01:26:31', '2016-04-05 01:26:31', 28, 626),
(85, 1, 20, '2016-04-05 01:26:31', '2016-04-05 01:26:31', 28, 628),
(86, 1, 30, '2016-04-05 01:32:10', '2016-04-05 01:32:10', 30, 630),
(87, 1, 70, '2016-04-05 01:32:10', '2016-04-05 01:32:10', 30, 631),
(88, 1, 35, '2016-04-05 01:32:10', '2016-04-05 01:32:10', 30, 632),
(89, 1, 1813, '2016-04-05 01:33:01', '2016-04-05 01:33:01', 31, 126),
(90, 1, 120, '2016-04-05 01:34:04', '2016-04-05 01:34:04', 32, 642),
(91, 1, 50, '2016-04-05 01:36:09', '2016-04-05 01:36:09', 33, 638),
(92, 1, 30, '2016-04-05 01:36:09', '2016-04-05 01:36:09', 33, 639),
(93, 3, 200, '2016-04-05 01:37:48', '2016-04-05 01:37:48', 34, 634),
(94, 2, 120, '2016-04-05 01:39:30', '2016-04-05 01:39:30', 35, 641),
(95, 2, 70, '2016-04-05 01:45:48', '2016-04-05 01:45:48', 36, 645),
(96, 1, 60, '2016-04-05 01:45:49', '2016-04-05 01:45:49', 36, 643),
(97, 1, 120, '2016-04-05 01:45:49', '2016-04-05 01:45:49', 36, 642),
(98, 1, 100, '2016-04-05 02:03:36', '2016-04-05 02:03:36', 37, 626),
(99, 1, 150, '2016-04-05 02:03:36', '2016-04-05 02:03:36', 37, 629),
(100, 1, 100, '2016-04-05 02:04:33', '2016-04-05 02:04:33', 38, 626),
(101, 1, 30, '2016-04-05 02:05:42', '2016-04-05 02:05:42', 39, 639),
(102, 1, 120, '2016-04-05 02:05:42', '2016-04-05 02:05:42', 39, 641),
(103, 1, 120, '2016-04-05 04:38:23', '2016-04-05 04:38:23', 40, 641),
(104, 1, 30, '2016-04-05 04:40:14', '2016-04-05 04:40:14', 41, 630);

-- --------------------------------------------------------

--
-- Table structure for table `password_resets`
--

CREATE TABLE IF NOT EXISTS `password_resets` (
  `email` varchar(255) COLLATE utf8_unicode_ci NOT NULL,
  `token` varchar(255) COLLATE utf8_unicode_ci NOT NULL,
  `created_at` timestamp NOT NULL DEFAULT CURRENT_TIMESTAMP ON UPDATE CURRENT_TIMESTAMP
) ENGINE=InnoDB DEFAULT CHARSET=utf8 COLLATE=utf8_unicode_ci;

-- --------------------------------------------------------

--
-- Table structure for table `restaurants`
--

CREATE TABLE IF NOT EXISTS `restaurants` (
  `id` int(10) unsigned NOT NULL,
  `name` varchar(50) COLLATE utf8_unicode_ci NOT NULL,
  `logo` varchar(255) COLLATE utf8_unicode_ci NOT NULL,
  `website` varchar(255) COLLATE utf8_unicode_ci NOT NULL,
  `address` varchar(255) COLLATE utf8_unicode_ci NOT NULL,
  `phone` varchar(11) COLLATE utf8_unicode_ci NOT NULL,
  `email` varchar(255) COLLATE utf8_unicode_ci NOT NULL,
  `created_at` timestamp NULL DEFAULT NULL,
  `updated_at` timestamp NULL DEFAULT NULL
) ENGINE=InnoDB AUTO_INCREMENT=12 DEFAULT CHARSET=utf8 COLLATE=utf8_unicode_ci;

--
-- Dumping data for table `restaurants`
--

INSERT INTO `restaurants` (`id`, `name`, `logo`, `website`, `address`, `phone`, `email`, `created_at`, `updated_at`) VALUES
(1, 'Gerhold, Bogisich and Douglas', 'http://lorempixel.com/640/480/?41372', 'http://Kuphal.net/quo-beatae-mollitia-officia-consequatur.html', '7265 Brown Square\nHubertchester, TX 31855', '1-211-450-3', 'wKoch@gmail.com', '2016-04-02 13:48:38', '2016-04-02 13:48:38'),
(2, 'Dooley Ltd', 'http://lorempixel.com/640/480/?93738', 'http://Gislason.org/pariatur-et-aspernatur-veritatis-nobis-vel-ab-dolorem.html', '917 King Mall Suite 106\nNorth Delmerberg, GA 07898', '487.666.975', 'Reinger.Everett@gmail.com', '2016-04-02 13:48:38', '2016-04-02 13:48:38'),
(3, 'Hamill Ltd', 'http://lorempixel.com/640/480/?98648', 'http://www.Connelly.com/vero-impedit-tempora-architecto-enim', '05360 Marshall Way Suite 358\nLake Myrticebury, AK 76084', '1-792-541-4', 'Imani.Turner@Bauch.com', '2016-04-02 13:48:38', '2016-04-02 13:48:38'),
(4, 'Feeney and Sons', 'http://lorempixel.com/640/480/?14332', 'https://www.Buckridge.biz/saepe-non-et-porro-ea-quas-ipsum-explicabo', '1088 Janessa Expressway\nNorth Marceltown, RI 72710', '489.639.758', 'Bergstrom.Jacklyn@hotmail.com', '2016-04-02 13:48:38', '2016-04-02 13:48:38'),
(5, 'Borer-O''Keefe', 'http://lorempixel.com/640/480/?54478', 'http://Berge.com/ipsam-iste-totam-adipisci-dolore', '2063 Gorczany Inlet\nNew Rhettberg, SD 51268', '(967)199-32', 'Bradly.Ledner@Heller.biz', '2016-04-02 13:48:38', '2016-04-02 13:48:38'),
(6, 'Mamma''s Kitchen', '/image/logo/97190145967721912.png', 'http://mammaskitchen.com', 'asfasdf', '12345678901', 'nebir199344@gmail.com', '2016-04-03 03:45:14', '2016-04-03 03:53:39'),
(7, 'Surma', '/image/logo/49982145983714313.jpg', 'http://surma.com', 'Sylhet', '12345', 'surma@gmail.com', '2016-04-05 00:17:00', '2016-04-05 00:19:03'),
(8, 'Hakkan''s Kitchen', '/image/logo/59925145983800414.png', 'http://Hakkan''sKitchen.com', 'Sylhet', '12345', 'Hakkan''sKitchen@gmail.com', '2016-04-05 00:31:01', '2016-04-05 00:33:24'),
(9, 'King''s Burger', '/image/logo/77826145983870615.png', 'http://King''sBurger.com', 'Chittagong', '12345', 'King''sBurger@gmail.com', '2016-04-05 00:42:55', '2016-04-05 00:45:06'),
(10, 'DreamFood', '/image/logo/11771145983935716.png', 'http://DreamFood.com', 'Topoban', '12345', 'dreamfood@gmail.com', '2016-04-05 00:54:16', '2016-04-05 00:55:57'),
(11, 'Shopon''s Kitchen', '/image/logo/8652145983996017.png', 'http://Shopon''s Kitchen.com', 'SUST', '12345', 'shopon''skitchen@gmail.com', '2016-04-05 01:04:25', '2016-04-05 01:06:00');

-- --------------------------------------------------------

--
-- Table structure for table `users`
--

CREATE TABLE IF NOT EXISTS `users` (
  `id` int(10) unsigned NOT NULL,
  `name` varchar(255) COLLATE utf8_unicode_ci NOT NULL,
  `role` varchar(20) COLLATE utf8_unicode_ci NOT NULL,
  `img` varchar(255) COLLATE utf8_unicode_ci NOT NULL,
  `email` varchar(255) COLLATE utf8_unicode_ci NOT NULL,
  `password` varchar(60) COLLATE utf8_unicode_ci NOT NULL,
  `contact` varchar(11) COLLATE utf8_unicode_ci NOT NULL,
  `remember_token` varchar(100) COLLATE utf8_unicode_ci DEFAULT NULL,
  `created_at` timestamp NULL DEFAULT NULL,
  `updated_at` timestamp NULL DEFAULT NULL,
  `restaurant_id` int(10) unsigned DEFAULT NULL
) ENGINE=InnoDB AUTO_INCREMENT=18 DEFAULT CHARSET=utf8 COLLATE=utf8_unicode_ci;

--
-- Dumping data for table `users`
--

INSERT INTO `users` (`id`, `name`, `role`, `img`, `email`, `password`, `contact`, `remember_token`, `created_at`, `updated_at`, `restaurant_id`) VALUES
(1, 'Madison Bayer', 'Manager', 'http://lorempixel.com/640/480/?25108', 'Nicklaus45@Tillman.com', '$2y$10$KKloadlNNkUUCUFJaxQg6u46dXT8FK.f/H5Q1gu.E2OlImY6IcSaq', '(078)830-25', NULL, '2016-04-02 13:48:39', '2016-04-02 13:48:39', 1),
(2, 'Art Rolfson', 'Owner', 'http://lorempixel.com/640/480/?99682', 'vJast@Deckow.com', '$2y$10$3zxoMkgSPJ3qQ2ck1WHt6uLWg7YHsRgOu7YWEDKlkxnzi6GCX.AeC', '(312)554-53', NULL, '2016-04-02 13:48:39', '2016-04-02 13:48:39', 1),
(3, 'Yesenia Schaden Sr.', 'Manager', 'http://lorempixel.com/640/480/?57165', 'uCorkery@Upton.org', '$2y$10$6NQwrTpPEaz8Zyfqmq5gieMszc9AJAmhJGGWI7phMHZzKLYD.27.W', '415.201.153', NULL, '2016-04-02 13:48:39', '2016-04-02 13:48:39', 2),
(4, 'Alexandrea Lueilwitz', 'Owner', 'http://lorempixel.com/640/480/?24809', 'Toy.Rylan@Ryan.biz', '$2y$10$Hom5AIaDIektGmQuPyY9YuwQiUKbHFrwoxtEgrt0PLQ89xpx.ES.S', '423-798-805', NULL, '2016-04-02 13:48:40', '2016-04-02 13:48:40', 2),
(5, 'Dr. Norval Klein', 'Manager', 'http://lorempixel.com/640/480/?95039', 'Feil.Bonnie@Watsica.com', '$2y$10$ElvRzDOX6.E9IWm1TcPeI.9t4TPjYknxwT2f7uQLazGD20zFucXdW', '(585)302-91', NULL, '2016-04-02 13:48:40', '2016-04-02 13:48:40', 3),
(6, 'Ashton Walter III', 'Owner', 'http://lorempixel.com/640/480/?72049', 'mCormier@Wilderman.com', '$2y$10$Jv8OE2ValiUodV0hWN/LHuj1nQSxrnUTrUKIOM96yuT8.mfXba1Q2', '1-742-322-7', NULL, '2016-04-02 13:48:40', '2016-04-02 13:48:40', 3),
(7, 'Rudolph Klocko', 'Manager', 'http://lorempixel.com/640/480/?12488', 'Bernadine.Fahey@Lueilwitz.biz', '$2y$10$T1DZFvBAZxYcT.I5lqBx5ucpHeG7tPQsD5K0NR/OPKgflXOsLG9UG', '(288)093-12', NULL, '2016-04-02 13:48:40', '2016-04-02 13:48:40', 4),
(8, 'Christy Lowe', 'Owner', 'http://lorempixel.com/640/480/?50348', 'Baumbach.Maci@yahoo.com', '$2y$10$YxllalwlRzxSry.v/JQiguL7jZZI.N40WjstVNUcFjcrZ3xWeLvUW', '+82(1)89555', NULL, '2016-04-02 13:48:41', '2016-04-02 13:48:41', 4),
(9, 'Jonathan Stark', 'Manager', 'http://lorempixel.com/640/480/?16315', 'uRoob@Turcotte.org', '$2y$10$edc.KmNoWivYzDrtUMKACuathdJWdLz5AzdF22FeLv6vz3fTrq2Nu', '06904821984', NULL, '2016-04-02 13:48:41', '2016-04-02 13:48:41', 5),
(10, 'Emelie Rosenbaum', 'Owner', 'http://lorempixel.com/640/480/?21726', 'qStokes@yahoo.com', '$2y$10$Ob5CxgXeFC6Tv5nwfsHsF.tnw.w.zoerNg4ypwbZ.MevsH89C8IE2', '010-618-200', NULL, '2016-04-02 13:48:41', '2016-04-02 13:48:41', 5),
(11, 'Nebir', 'Admin', '', 'nebir@gmail.com', '$2y$10$v3WrInuUaoBzl.aVmXpGUOQ9YmgAG32THBuRQNfP8G/u.JgPik05a', '00000000', 'eyQmVq06a01Gp0pybWhrre3qvngOlP9XLX2tO9tgFQt0h78o97Swek3bAYhG', '2016-04-03 03:13:01', '2016-04-09 17:46:33', NULL),
(12, 'Md. Mustafijur Rahman Nebir', 'Owner', '/image/user/563661459676714.png', 'nebir19934@gmail.com', '$2y$10$0NYGXmlvSwyVlIOTbSzuHeM7Hu7E0y2ITTywbWf8mxNcQ2C1Kktee', '01553572766', 'k12nAWiQmFLvaBPE7zVajxOrIU1EyhbcJmIgz83PSfRK1Y1qPc7mccv3XJ36', '2016-04-03 03:45:14', '2016-04-04 05:32:57', 6),
(13, 'Kakon', 'Owner', '/image/user/766761459837020.jpg', 'kakon@gmail.com', '$2y$10$yveHZgnOH4vFQBJor1cGKO63T27XzATj4R.sYkE4Lsqcf7Smn4Mom', '12345', '6UG7hG4CCqWG66LBvdvIAHh36utlmiJS8ySSBhnBtF51M11MGs8Ja3dy1HPz', '2016-04-05 00:17:01', '2016-04-05 00:28:58', 7),
(14, 'Summit', 'Owner', '/image/user/293191459837861.jpg', 'summit@gmail.com', '$2y$10$hc/OEm3Cc5CfIhHaCaA7nuE6oFKdUKGaEs24BocmKlVExVBS/KZ5q', '12345', '65egTWVqyIx0Vml5vOq9CWdGm9DYuOrmQJe2zgR29oqbd6q5CNaIZjS1Lpyu', '2016-04-05 00:31:01', '2016-04-05 04:36:09', 8),
(15, 'Mithun', 'Owner', '/image/user/983191459838575.jpg', 'mithun@gmail.com', '$2y$10$gVN5XMtDLyfl1B1W6acu.OpaaMUWK2oPbllfMimUApn89NZHCoB9m', '12345', 'n8rj9e9xnMIFenBuNXCsW4oPc3pH5PkA5JLlqfYMqIF3VWhSM9nKkx9CTgiG', '2016-04-05 00:42:55', '2016-04-05 00:52:55', 9),
(16, 'Dhruba', 'Owner', '/image/user/400151459839256.jpg', 'dhruba@gmail.com', '$2y$10$II4wtmYhQWV34T56iK46/uFG6lPMsMGLsB5Xm902/Oe6rPmEQQ4nG', '12345', 'roCYJhFI0iN7Shy5t5IEsZ2ptKCqtmcPpFRO6GG0kE8p3cDMTJU6cCWQTWnt', '2016-04-05 00:54:17', '2016-04-05 01:02:09', 10),
(17, 'Shopon', 'Owner', '/image/user/921941459839865.jpg', 'shopon@gmail.com', '$2y$10$Ceb.Gix7tnqcY9KCoe6U.uGPMdfkT1aCumpgf5VCdhudWPB09Y3Ee', '12345', 'tO5ASsti1Wc5X6riGcxvBhQS1N4NhyBqIy4cdFJNzMCZkRkaO7IFZbnf0erY', '2016-04-05 01:04:25', '2016-04-09 17:51:27', 11);

--
-- Indexes for dumped tables
--

--
-- Indexes for table `catagories`
--
ALTER TABLE `catagories`
  ADD PRIMARY KEY (`id`), ADD KEY `catagories_restaurant_id_foreign` (`restaurant_id`);

--
-- Indexes for table `delivery_men`
--
ALTER TABLE `delivery_men`
  ADD PRIMARY KEY (`id`);

--
-- Indexes for table `food_items`
--
ALTER TABLE `food_items`
  ADD PRIMARY KEY (`id`), ADD KEY `food_items_restaurant_id_foreign` (`restaurant_id`), ADD KEY `food_items_category_id_foreign` (`category_id`);

--
-- Indexes for table `orders`
--
ALTER TABLE `orders`
  ADD PRIMARY KEY (`id`), ADD KEY `orders_restaurant_id_foreign` (`restaurant_id`);

--
-- Indexes for table `order_food_items`
--
ALTER TABLE `order_food_items`
  ADD PRIMARY KEY (`id`), ADD KEY `order_food_items_order_id_foreign` (`order_id`), ADD KEY `order_food_items_food_id_foreign` (`food_id`);

--
-- Indexes for table `password_resets`
--
ALTER TABLE `password_resets`
  ADD KEY `password_resets_email_index` (`email`), ADD KEY `password_resets_token_index` (`token`);

--
-- Indexes for table `restaurants`
--
ALTER TABLE `restaurants`
  ADD PRIMARY KEY (`id`);

--
-- Indexes for table `users`
--
ALTER TABLE `users`
  ADD PRIMARY KEY (`id`), ADD UNIQUE KEY `users_email_unique` (`email`), ADD KEY `users_restaurant_id_foreign` (`restaurant_id`);

--
-- AUTO_INCREMENT for dumped tables
--

--
-- AUTO_INCREMENT for table `catagories`
--
ALTER TABLE `catagories`
  MODIFY `id` int(10) unsigned NOT NULL AUTO_INCREMENT,AUTO_INCREMENT=36;
--
-- AUTO_INCREMENT for table `delivery_men`
--
ALTER TABLE `delivery_men`
  MODIFY `id` int(10) unsigned NOT NULL AUTO_INCREMENT,AUTO_INCREMENT=27;
--
-- AUTO_INCREMENT for table `food_items`
--
ALTER TABLE `food_items`
  MODIFY `id` int(10) unsigned NOT NULL AUTO_INCREMENT,AUTO_INCREMENT=646;
--
-- AUTO_INCREMENT for table `orders`
--
ALTER TABLE `orders`
  MODIFY `id` int(10) unsigned NOT NULL AUTO_INCREMENT,AUTO_INCREMENT=42;
--
-- AUTO_INCREMENT for table `order_food_items`
--
ALTER TABLE `order_food_items`
  MODIFY `id` int(10) unsigned NOT NULL AUTO_INCREMENT,AUTO_INCREMENT=105;
--
-- AUTO_INCREMENT for table `restaurants`
--
ALTER TABLE `restaurants`
  MODIFY `id` int(10) unsigned NOT NULL AUTO_INCREMENT,AUTO_INCREMENT=12;
--
-- AUTO_INCREMENT for table `users`
--
ALTER TABLE `users`
  MODIFY `id` int(10) unsigned NOT NULL AUTO_INCREMENT,AUTO_INCREMENT=18;
--
-- Constraints for dumped tables
--

--
-- Constraints for table `catagories`
--
ALTER TABLE `catagories`
ADD CONSTRAINT `catagories_restaurant_id_foreign` FOREIGN KEY (`restaurant_id`) REFERENCES `restaurants` (`id`) ON DELETE CASCADE ON UPDATE CASCADE;

--
-- Constraints for table `food_items`
--
ALTER TABLE `food_items`
ADD CONSTRAINT `food_items_category_id_foreign` FOREIGN KEY (`category_id`) REFERENCES `catagories` (`id`) ON DELETE CASCADE ON UPDATE CASCADE,
ADD CONSTRAINT `food_items_restaurant_id_foreign` FOREIGN KEY (`restaurant_id`) REFERENCES `restaurants` (`id`) ON DELETE CASCADE ON UPDATE CASCADE;

--
-- Constraints for table `orders`
--
ALTER TABLE `orders`
ADD CONSTRAINT `orders_restaurant_id_foreign` FOREIGN KEY (`restaurant_id`) REFERENCES `restaurants` (`id`) ON DELETE CASCADE ON UPDATE CASCADE;

--
-- Constraints for table `order_food_items`
--
ALTER TABLE `order_food_items`
ADD CONSTRAINT `order_food_items_food_id_foreign` FOREIGN KEY (`food_id`) REFERENCES `food_items` (`id`) ON DELETE CASCADE ON UPDATE CASCADE,
ADD CONSTRAINT `order_food_items_order_id_foreign` FOREIGN KEY (`order_id`) REFERENCES `orders` (`id`) ON DELETE CASCADE ON UPDATE CASCADE;

--
-- Constraints for table `users`
--
ALTER TABLE `users`
ADD CONSTRAINT `users_restaurant_id_foreign` FOREIGN KEY (`restaurant_id`) REFERENCES `restaurants` (`id`) ON DELETE CASCADE ON UPDATE CASCADE;

/*!40101 SET CHARACTER_SET_CLIENT=@OLD_CHARACTER_SET_CLIENT */;
/*!40101 SET CHARACTER_SET_RESULTS=@OLD_CHARACTER_SET_RESULTS */;
/*!40101 SET COLLATION_CONNECTION=@OLD_COLLATION_CONNECTION */;
